sample	gradient	species	strain	cluster	relative_abundance	coverage	mean_depth
sample01	high	Akkermansia_muciniphila	GCA_018847315	C15	0.01595	3.3492	10.0
sample01	high	Clostridioides_difficile	GCA_001077535	C1	0.00755	1.5854	10.0
sample01	high	Cutibacterium_acnes	GCA_057198235	C3	0.00766	1.6089	10.0
sample01	high	Escherichia_coli	GCA_048571795	C8	0.00602	1.2645	10.0
sample01	high	Fusobacterium_nucleatum	GCA_037889255	C6	0.01244	2.6134	10.0
sample01	high	Klebsiella_pneumoniae	GCA_046619595	C18	0.19658	41.2821	10.0
sample01	high	Lactiplantibacillus_plantarum	GCA_026153115	C19	0.02513	5.2782	10.0
sample01	high	Lactiplantibacillus_plantarum	GCA_009913655	C11	0.11567	24.2914	10.0
sample01	high	Mycobacterium_tuberculosis	GCA_002116835	C0	0.22412	47.0647	10.0
sample01	high	Mycobacterium_tuberculosis	GCA_014900235	C0	0.07610	15.9800	10.0
sample01	high	Phocaeicola_dorei	GCA_018292105	C7	0.07874	16.5363	10.0
sample01	high	Porphyromonas_gingivalis	GCA_018141745	C16	0.03744	7.8618	10.0
sample01	high	Prevotella_copri	GCA_051861795	C15	0.00212	0.4447	10.0
sample01	high	Prevotella_copri	GCA_032452275	C12	0.01557	3.2705	10.0
sample01	high	Salmonella_enterica	GCA_018460045	C8	0.01865	3.9175	10.0
sample01	high	Salmonella_enterica	GCA_058222435	C17	0.00997	2.0941	10.0
sample01	high	Staphylococcus_aureus	GCA_004136255	C3	0.01409	2.9582	10.0
sample01	high	Staphylococcus_epidermidis	GCA_019329705	C3	0.01152	2.4196	10.0
sample01	high	Staphylococcus_epidermidis	GCA_045942415	C6	0.04656	9.7771	10.0
sample01	high	Streptococcus_pneumoniae	GCA_038431755	C27	0.02661	5.5890	10.0
sample01	high	Streptococcus_pneumoniae	GCA_036509575	C5	0.05149	10.8131	10.0
sample02	high	Akkermansia_muciniphila	GCA_018847435	C7	0.02968	5.6392	10.0
sample02	high	Clostridioides_difficile	GCA_037941005	C19	0.01126	2.1390	10.0
sample02	high	Clostridioides_difficile	GCA_052441905	C7	0.02792	5.3040	10.0
sample02	high	Cutibacterium_acnes	GCA_057584865	C4	0.03252	6.1794	10.0
sample02	high	Escherichia_coli	GCA_000008865	C1	0.00558	1.0599	10.0
sample02	high	Escherichia_coli	GCA_048571805	C26	0.08543	16.2324	10.0
sample02	high	Fusobacterium_nucleatum	GCA_037889125	C3	0.03301	6.2719	10.0
sample02	high	Klebsiella_pneumoniae	GCA_053128315	C21	0.02202	4.1843	10.0
sample02	high	Lactiplantibacillus_plantarum	GCA_017798305	C17	0.01078	2.0473	10.0
sample02	high	Mycobacterium_tuberculosis	GCA_963525475	C0	0.02779	5.2796	10.0
sample02	high	Phocaeicola_dorei	GCA_013009555	C4	0.04217	8.0127	10.0
sample02	high	Phocaeicola_dorei	GCA_013010095	C5	0.01821	3.4603	10.0
sample02	high	Porphyromonas_gingivalis	GCA_000270225	C2	0.01282	2.4350	10.0
sample02	high	Prevotella_copri	GCA_051861815	C17	0.05136	9.7576	10.0
sample02	high	Salmonella_enterica	GCA_009930675	C5	0.03653	6.9405	10.0
sample02	high	Staphylococcus_aureus	GCA_900607265	C3	0.40304	76.5782	10.0
sample02	high	Staphylococcus_aureus	GCA_006364675	C1	0.06109	11.6064	10.0
sample02	high	Staphylococcus_epidermidis	GCA_009685135	C2	0.07431	14.1191	10.0
sample02	high	Streptococcus_pneumoniae	GCA_963281185	C37	0.01449	2.7534	10.0
sample03	high	Akkermansia_muciniphila	GCA_000020225	C0	0.17362	32.9887	10.0
sample03	high	Akkermansia_muciniphila	GCA_018847475	C7	0.01652	3.1383	10.0
sample03	high	Clostridioides_difficile	GCA_022845595	C14	0.03932	7.4714	10.0
sample03	high	Clostridioides_difficile	GCA_018884965	C5	0.04847	9.2093	10.0
sample03	high	Cutibacterium_acnes	GCA_058179315	C3	0.01238	2.3514	10.0
sample03	high	Escherichia_coli	GCA_048571805	C26	0.08762	16.6479	10.0
sample03	high	Fusobacterium_nucleatum	GCA_037900345	C0	0.00389	0.7388	10.0
sample03	high	Klebsiella_pneumoniae	GCA_963854595	C27	0.04070	7.7335	10.0
sample03	high	Lactiplantibacillus_plantarum	GCA_052692365	C30	0.01989	3.7785	10.0
sample03	high	Mycobacterium_tuberculosis	GCA_014900235	C0	0.01022	1.9411	10.0
sample03	high	Phocaeicola_dorei	GCA_013010365	C6	0.03944	7.4935	10.0
sample03	high	Porphyromonas_gingivalis	GCA_018141765	C16	0.05639	10.7147	10.0
sample03	high	Prevotella_copri	GCA_019249765	C3	0.03885	7.3811	10.0
sample03	high	Salmonella_enterica	GCA_041866875	C12	0.06544	12.4337	10.0
sample03	high	Staphylococcus_aureus	GCA_003945425	C4	0.01801	3.4211	10.0
sample03	high	Staphylococcus_aureus	GCA_004136255	C3	0.03803	7.2253	10.0
sample03	high	Staphylococcus_epidermidis	GCA_019330105	C3	0.02259	4.2921	10.0
sample03	high	Streptococcus_pneumoniae	GCA_900476505	C34	0.20444	38.8434	10.0
sample03	high	Streptococcus_pneumoniae	GCA_036322975	C25	0.06419	12.1961	10.0
sample04	high	Akkermansia_muciniphila	GCA_008000975	C0	0.02807	5.3341	10.0
sample04	high	Akkermansia_muciniphila	GCA_018847335	C15	0.04745	9.0156	10.0
sample04	high	Clostridioides_difficile	GCA_052442795	C22	0.05084	9.6595	10.0
sample04	high	Cutibacterium_acnes	GCA_057584875	C3	0.00941	1.7882	10.0
sample04	high	Escherichia_coli	GCA_048568955	C22	0.11609	22.0569	10.0
sample04	high	Fusobacterium_nucleatum	GCA_037900345	C0	0.05105	9.7003	10.0
sample04	high	Fusobacterium_nucleatum	GCA_902381645	C18	0.07847	14.9096	10.0
sample04	high	Klebsiella_pneumoniae	GCA_024496165	C12	0.05758	10.9400	10.0
sample04	high	Klebsiella_pneumoniae	GCA_027942215	C13	0.02373	4.5089	10.0
sample04	high	Lactiplantibacillus_plantarum	GCA_001704335	C1	0.13243	25.1614	10.0
sample04	high	Mycobacterium_tuberculosis	GCA_014900295	C0	0.07745	14.7157	10.0
sample04	high	Phocaeicola_dorei	GCA_964264565	C9	0.03174	6.0310	10.0
sample04	high	Porphyromonas_gingivalis	GCA_057218315	C26	0.06254	11.8831	10.0
sample04	high	Prevotella_copri	GCA_032451715	C11	0.07227	13.7310	10.0
sample04	high	Prevotella_copri	GCA_019249655	C1	0.03525	6.6979	10.0
sample04	high	Salmonella_enterica	GCA_023330805	C8	0.05172	9.8270	10.0
sample04	high	Staphylococcus_aureus	GCA_030252735	C3	0.01554	2.9531	10.0
sample04	high	Staphylococcus_epidermidis	GCA_045935645	C6	0.01599	3.0389	10.0
sample04	high	Streptococcus_pneumoniae	GCA_036322955	C25	0.04236	8.0479	10.0
sample05	high	Akkermansia_muciniphila	GCA_018847595	C17	0.04418	8.3936	10.0
sample05	high	Clostridioides_difficile	GCA_003481905	C6	0.02736	5.1985	10.0
sample05	high	Cutibacterium_acnes	GCA_011399315	C3	0.05503	10.4553	10.0
sample05	high	Escherichia_coli	GCA_048571305	C8	0.01974	3.7505	10.0
sample05	high	Fusobacterium_nucleatum	GCA_031191795	C0	0.00722	1.3723	10.0
sample05	high	Fusobacterium_nucleatum	GCA_037955445	C16	0.03805	7.2290	10.0
sample05	high	Klebsiella_pneumoniae	GCA_040047695	C16	0.03985	7.5720	10.0
sample05	high	Lactiplantibacillus_plantarum	GCA_029834415	C16	0.01070	2.0322	10.0
sample05	high	Mycobacterium_tuberculosis	GCA_014900135	C0	0.00696	1.3230	10.0
sample05	high	Phocaeicola_dorei	GCA_001640865	C3	0.04125	7.8383	10.0
sample05	high	Phocaeicola_dorei	GCA_013010365	C6	0.01800	3.4200	10.0
sample05	high	Porphyromonas_gingivalis	GCA_002754095	C12	0.03380	6.4225	10.0
sample05	high	Prevotella_copri	GCA_019249765	C3	0.03073	5.8390	10.0
sample05	high	Prevotella_copri	GCA_019249855	C7	0.03490	6.6305	10.0
sample05	high	Salmonella_enterica	GCA_045278205	C14	0.02354	4.4725	10.0
sample05	high	Staphylococcus_aureus	GCA_003264815	C3	0.07170	13.6234	10.0
sample05	high	Staphylococcus_epidermidis	GCA_045937765	C3	0.23600	44.8398	10.0
sample05	high	Streptococcus_pneumoniae	GCA_003966525	C5	0.23728	45.0831	10.0
sample05	high	Streptococcus_pneumoniae	GCA_052566715	C2	0.02371	4.5044	10.0
sample06	high	Akkermansia_muciniphila	GCA_017570505	C12	0.01664	3.3282	10.0
sample06	high	Akkermansia_muciniphila	GCA_018847435	C7	0.11489	22.9773	10.0
sample06	high	Clostridioides_difficile	GCA_037923795	C18	0.02547	5.0930	10.0
sample06	high	Cutibacterium_acnes	GCA_057584575	C3	0.02175	4.3494	10.0
sample06	high	Escherichia_coli	GCA_000013265	C3	0.00977	1.9545	10.0
sample06	high	Fusobacterium_nucleatum	GCA_037889315	C8	0.04365	8.7306	10.0
sample06	high	Klebsiella_pneumoniae	GCA_019823805	C6	0.23371	46.7424	10.0
sample06	high	Lactiplantibacillus_plantarum	GCA_057786755	C35	0.02215	4.4308	10.0
sample06	high	Lactiplantibacillus_plantarum	GCA_057418965	C17	0.08072	16.1446	10.0
sample06	high	Mycobacterium_tuberculosis	GCA_000277735	C0	0.01042	2.0832	10.0
sample06	high	Phocaeicola_dorei	GCA_013010255	C6	0.02055	4.1107	10.0
sample06	high	Phocaeicola_dorei	GCA_000738045	C0	0.02214	4.4284	10.0
sample06	high	Porphyromonas_gingivalis	GCA_002754075	C11	0.01365	2.7294	10.0
sample06	high	Prevotella_copri	GCA_032452695	C14	0.03265	6.5295	10.0
sample06	high	Prevotella_copri	GCA_015074785	C0	0.03120	6.2404	10.0
sample06	high	Salmonella_enterica	GCA_000006945	C0	0.01660	3.3207	10.0
sample06	high	Staphylococcus_aureus	GCA_001515685	C2	0.07964	15.9285	10.0
sample06	high	Staphylococcus_aureus	GCA_900620245	C3	0.04850	9.6991	10.0
sample06	high	Staphylococcus_epidermidis	GCA_019329685	C3	0.14701	29.4027	10.0
sample06	high	Streptococcus_pneumoniae	GCA_052566725	C2	0.00888	1.7767	10.0
sample07	high	Akkermansia_muciniphila	GCA_018847395	C16	0.00696	1.2520	10.0
sample07	high	Clostridioides_difficile	GCA_003313585	C4	0.06209	11.1764	10.0
sample07	high	Clostridioides_difficile	GCA_049243065	C3	0.02704	4.8669	10.0
sample07	high	Cutibacterium_acnes	GCA_000231215	C0	0.03701	6.6611	10.0
sample07	high	Escherichia_coli	GCA_048571415	C8	0.05991	10.7844	10.0
sample07	high	Fusobacterium_nucleatum	GCA_037889125	C3	0.08716	15.6893	10.0
sample07	high	Klebsiella_pneumoniae	GCA_057929645	C25	0.00966	1.7382	10.0
sample07	high	Lactiplantibacillus_plantarum	GCA_028869445	C20	0.12309	22.1561	10.0
sample07	high	Mycobacterium_tuberculosis	GCA_000195955	C0	0.22737	40.9272	10.0
sample07	high	Phocaeicola_dorei	GCA_001274835	C2	0.02407	4.3322	10.0
sample07	high	Porphyromonas_gingivalis	GCA_001314265	C1	0.00354	0.6379	10.0
sample07	high	Porphyromonas_gingivalis	GCA_030144345	C20	0.01873	3.3722	10.0
sample07	high	Prevotella_copri	GCA_019249825	C6	0.00697	1.2539	10.0
sample07	high	Salmonella_enterica	GCA_018460045	C8	0.01039	1.8697	10.0
sample07	high	Salmonella_enterica	GCA_041866875	C12	0.08591	15.4630	10.0
sample07	high	Staphylococcus_aureus	GCA_002097595	C3	0.16577	29.8383	10.0
sample07	high	Staphylococcus_epidermidis	GCA_006742205	C1	0.02931	5.2750	10.0
sample07	high	Streptococcus_pneumoniae	GCA_900476475	C33	0.01503	2.7062	10.0
sample08	high	Akkermansia_muciniphila	GCA_018847295	C15	0.02744	4.6650	10.0
sample08	high	Clostridioides_difficile	GCA_037941005	C19	0.01607	2.7321	10.0
sample08	high	Cutibacterium_acnes	GCA_057584875	C3	0.00586	0.9958	10.0
sample08	high	Escherichia_coli	GCA_048571805	C26	0.05059	8.6007	10.0
sample08	high	Escherichia_coli	GCA_044324875	C20	0.04535	7.7091	10.0
sample08	high	Fusobacterium_nucleatum	GCA_037889385	C11	0.28178	47.9032	10.0
sample08	high	Klebsiella_pneumoniae	GCA_011045595	C5	0.02946	5.0084	10.0
sample08	high	Klebsiella_pneumoniae	GCA_022699345	C10	0.02589	4.4007	10.0
sample08	high	Lactiplantibacillus_plantarum	GCA_004730965	C9	0.01441	2.4494	10.0
sample08	high	Mycobacterium_tuberculosis	GCA_033124885	C0	0.07471	12.7009	10.0
sample08	high	Phocaeicola_dorei	GCA_018292105	C7	0.02270	3.8598	10.0
sample08	high	Porphyromonas_gingivalis	GCA_018141805	C17	0.08316	14.1372	10.0
sample08	high	Prevotella_copri	GCA_051861815	C17	0.01989	3.3810	10.0
sample08	high	Salmonella_enterica	GCA_021474245	C8	0.02416	4.1077	10.0
sample08	high	Staphylococcus_aureus	GCA_026167765	C1	0.13626	23.1634	10.0
sample08	high	Staphylococcus_epidermidis	GCA_019329425	C3	0.10602	18.0242	10.0
sample08	high	Streptococcus_pneumoniae	GCA_055382695	C20	0.03624	6.1616	10.0
sample09	high	Akkermansia_muciniphila	GCA_010223095	C6	0.03445	6.8908	10.0
sample09	high	Clostridioides_difficile	GCA_003095675	C2	0.01733	3.4656	10.0
sample09	high	Clostridioides_difficile	GCA_003313585	C4	0.01787	3.5735	10.0
sample09	high	Cutibacterium_acnes	GCA_058179315	C3	0.02219	4.4382	10.0
sample09	high	Escherichia_coli	GCA_032382315	C18	0.00454	0.9078	10.0
sample09	high	Escherichia_coli	GCA_002853715	C7	0.04758	9.5151	10.0
sample09	high	Fusobacterium_nucleatum	GCA_048313075	C17	0.02083	4.1656	10.0
sample09	high	Klebsiella_pneumoniae	GCA_022699305	C10	0.00734	1.4681	10.0
sample09	high	Lactiplantibacillus_plantarum	GCA_028869445	C20	0.46355	92.7096	10.0
sample09	high	Mycobacterium_tuberculosis	GCA_014900005	C0	0.07186	14.3713	10.0
sample09	high	Mycobacterium_tuberculosis	GCA_040209205	C0	0.02056	4.1117	10.0
sample09	high	Phocaeicola_dorei	GCA_902387545	C2	0.05418	10.8357	10.0
sample09	high	Phocaeicola_dorei	GCA_013010255	C6	0.03604	7.2086	10.0
sample09	high	Porphyromonas_gingivalis	GCA_002753955	C6	0.00995	1.9902	10.0
sample09	high	Porphyromonas_gingivalis	GCA_002754095	C12	0.02562	5.1236	10.0
sample09	high	Prevotella_copri	GCA_051861805	C16	0.02449	4.8976	10.0
sample09	high	Salmonella_enterica	GCA_009729915	C4	0.06564	13.1271	10.0
sample09	high	Staphylococcus_aureus	GCA_030252735	C3	0.00449	0.8986	10.0
sample09	high	Staphylococcus_epidermidis	GCA_019329565	C3	0.03235	6.4692	10.0
sample09	high	Streptococcus_pneumoniae	GCA_021398265	C8	0.01916	3.8322	10.0
sample10	high	Akkermansia_muciniphila	GCA_058322795	C23	0.01557	3.4243	10.0
sample10	high	Akkermansia_muciniphila	GCA_010230725	C10	0.45454	99.9995	10.0
sample10	high	Clostridioides_difficile	GCA_003481905	C6	0.01666	3.6656	10.0
sample10	high	Cutibacterium_acnes	GCA_029338475	C3	0.01690	3.7172	10.0
sample10	high	Escherichia_coli	GCA_048571645	C25	0.00592	1.3023	10.0
sample10	high	Fusobacterium_nucleatum	GCA_050233295	C3	0.07010	15.4216	10.0
sample10	high	Fusobacterium_nucleatum	GCA_003019295	C0	0.02290	5.0370	10.0
sample10	high	Klebsiella_pneumoniae	GCA_048961795	C19	0.04838	10.6426	10.0
sample10	high	Klebsiella_pneumoniae	GCA_020911805	C9	0.00339	0.7467	10.0
sample10	high	Lactiplantibacillus_plantarum	GCA_018351295	C12	0.04453	9.7969	10.0
sample10	high	Mycobacterium_tuberculosis	GCA_040209325	C0	0.01129	2.4840	10.0
sample10	high	Phocaeicola_dorei	GCA_000738045	C0	0.00682	1.5013	10.0
sample10	high	Porphyromonas_gingivalis	GCA_057220555	C26	0.03926	8.6370	10.0
sample10	high	Porphyromonas_gingivalis	GCA_057218275	C26	0.00809	1.7794	10.0
sample10	high	Prevotella_copri	GCA_054890165	C18	0.03258	7.1682	10.0
sample10	high	Prevotella_copri	GCA_019249755	C2	0.07958	17.5075	10.0
sample10	high	Salmonella_enterica	GCA_022870685	C8	0.07330	16.1264	10.0
sample10	high	Staphylococcus_aureus	GCA_022869625	C1	0.00740	1.6287	10.0
sample10	high	Staphylococcus_epidermidis	GCA_045936855	C6	0.00751	1.6514	10.0
sample10	high	Staphylococcus_epidermidis	GCA_019329565	C3	0.01333	2.9323	10.0
sample10	high	Streptococcus_pneumoniae	GCA_033149375	C23	0.01689	3.7149	10.0
sample10	high	Streptococcus_pneumoniae	GCA_033096225	C19	0.00507	1.1151	10.0
sample11	high	Akkermansia_muciniphila	GCA_010223095	C6	0.03878	7.3673	10.0
sample11	high	Clostridioides_difficile	GCA_022695655	C5	0.05406	10.2716	10.0
sample11	high	Cutibacterium_acnes	GCA_057457935	C3	0.01966	3.7353	10.0
sample11	high	Escherichia_coli	GCA_048571515	C8	0.01022	1.9421	10.0
sample11	high	Fusobacterium_nucleatum	GCA_037889175	C4	0.01721	3.2706	10.0
sample11	high	Klebsiella_pneumoniae	GCA_048961785	C19	0.22911	43.5316	10.0
sample11	high	Lactiplantibacillus_plantarum	GCA_009913655	C11	0.01048	1.9907	10.0
sample11	high	Lactiplantibacillus_plantarum	GCA_055234055	C31	0.16069	30.5308	10.0
sample11	high	Mycobacterium_tuberculosis	GCA_002116835	C0	0.01966	3.7360	10.0
sample11	high	Phocaeicola_dorei	GCA_013009555	C4	0.09326	17.7186	10.0
sample11	high	Porphyromonas_gingivalis	GCA_030440495	C21	0.06006	11.4113	10.0
sample11	high	Prevotella_copri	GCA_032451715	C11	0.04067	7.7274	10.0
sample11	high	Prevotella_copri	GCA_032452695	C14	0.01852	3.5185	10.0
sample11	high	Salmonella_enterica	GCA_023330725	C8	0.02657	5.0479	10.0
sample11	high	Salmonella_enterica	GCA_041930315	C13	0.09485	18.0222	10.0
sample11	high	Staphylococcus_aureus	GCA_900607265	C3	0.02274	4.3203	10.0
sample11	high	Staphylococcus_epidermidis	GCA_045942175	C6	0.02580	4.9015	10.0
sample11	high	Streptococcus_pneumoniae	GCA_013047165	C6	0.03089	5.8696	10.0
sample11	high	Streptococcus_pneumoniae	GCA_003351705	C4	0.02677	5.0867	10.0
sample12	high	Akkermansia_muciniphila	GCA_010223575	C7	0.01406	2.8117	10.0
sample12	high	Clostridioides_difficile	GCA_003313545	C4	0.02463	4.9258	10.0
sample12	high	Cutibacterium_acnes	GCA_057584575	C3	0.02973	5.9459	10.0
sample12	high	Cutibacterium_acnes	GCA_000231215	C0	0.04338	8.6755	10.0
sample12	high	Escherichia_coli	GCA_027925505	C13	0.01060	2.1203	10.0
sample12	high	Fusobacterium_nucleatum	GCA_037952305	C14	0.06543	13.0869	10.0
sample12	high	Klebsiella_pneumoniae	GCA_000240185	C0	0.05401	10.8022	10.0
sample12	high	Lactiplantibacillus_plantarum	GCA_031597175	C23	0.02238	4.4766	10.0
sample12	high	Mycobacterium_tuberculosis	GCA_033124885	C0	0.04707	9.4136	10.0
sample12	high	Phocaeicola_dorei	GCA_964264565	C9	0.06949	13.8983	10.0
sample12	high	Phocaeicola_dorei	GCA_025916455	C8	0.01963	3.9259	10.0
sample12	high	Porphyromonas_gingivalis	GCA_002754015	C8	0.04233	8.4661	10.0
sample12	high	Porphyromonas_gingivalis	GCA_002892555	C2	0.03391	6.7812	10.0
sample12	high	Prevotella_copri	GCA_019249795	C4	0.01460	2.9209	10.0
sample12	high	Prevotella_copri	GCA_019249655	C1	0.27081	54.1623	10.0
sample12	high	Salmonella_enterica	GCA_041930315	C13	0.09321	18.6413	10.0
sample12	high	Staphylococcus_aureus	GCA_022869625	C1	0.07258	14.5167	10.0
sample12	high	Staphylococcus_aureus	GCA_001515745	C2	0.03796	7.5915	10.0
sample12	high	Staphylococcus_epidermidis	GCA_019330185	C3	0.02003	4.0060	10.0
sample12	high	Streptococcus_pneumoniae	GCA_003351705	C4	0.01416	2.8313	10.0
sample13	high	Akkermansia_muciniphila	GCA_018847255	C15	0.09053	17.2002	10.0
sample13	high	Clostridioides_difficile	GCA_018884965	C5	0.04535	8.6171	10.0
sample13	high	Cutibacterium_acnes	GCA_058182275	C4	0.02638	5.0131	10.0
sample13	high	Escherichia_coli	GCA_048569015	C8	0.01976	3.7539	10.0
sample13	high	Escherichia_coli	GCA_027925745	C15	0.03864	7.3422	10.0
sample13	high	Fusobacterium_nucleatum	GCA_028621975	C1	0.03595	6.8302	10.0
sample13	high	Klebsiella_pneumoniae	GCA_002903005	C4	0.06973	13.2492	10.0
sample13	high	Klebsiella_pneumoniae	GCA_000240185	C0	0.05130	9.7473	10.0
sample13	high	Lactiplantibacillus_plantarum	GCA_031597175	C23	0.14605	27.7498	10.0
sample13	high	Lactiplantibacillus_plantarum	GCA_036255815	C17	0.20827	39.5707	10.0
sample13	high	Mycobacterium_tuberculosis	GCA_014900005	C0	0.06459	12.2723	10.0
sample13	high	Mycobacterium_tuberculosis	GCA_040208985	C0	0.04237	8.0512	10.0
sample13	high	Phocaeicola_dorei	GCA_013010365	C6	0.02895	5.5003	10.0
sample13	high	Porphyromonas_gingivalis	GCA_023822425	C0	0.02441	4.6372	10.0
sample13	high	Prevotella_copri	GCA_020735445	C8	0.02073	3.9383	10.0
sample13	high	Salmonella_enterica	GCA_056590175	C5	0.01577	2.9954	10.0
sample13	high	Staphylococcus_aureus	GCA_044789125	C8	0.00575	1.0917	10.0
sample13	high	Staphylococcus_epidermidis	GCA_045937745	C6	0.00697	1.3244	10.0
sample13	high	Streptococcus_pneumoniae	GCA_036322975	C25	0.05850	11.1154	10.0
sample14	high	Akkermansia_muciniphila	GCA_040616545	C22	0.01864	3.9154	10.0
sample14	high	Clostridioides_difficile	GCA_037920665	C17	0.02380	4.9976	10.0
sample14	high	Clostridioides_difficile	GCA_003313585	C4	0.04585	9.6287	10.0
sample14	high	Cutibacterium_acnes	GCA_057198265	C3	0.00600	1.2597	10.0
sample14	high	Escherichia_coli	GCA_048568975	C23	0.33503	70.3558	10.0
sample14	high	Fusobacterium_nucleatum	GCA_037889055	C2	0.02904	6.0985	10.0
sample14	high	Klebsiella_pneumoniae	GCA_022699305	C10	0.02798	5.8763	10.0
sample14	high	Klebsiella_pneumoniae	GCA_011066505	C6	0.00566	1.1877	10.0
sample14	high	Lactiplantibacillus_plantarum	GCA_029814785	C16	0.07610	15.9802	10.0
sample14	high	Mycobacterium_tuberculosis	GCA_017901095	C0	0.01438	3.0199	10.0
sample14	high	Mycobacterium_tuberculosis	GCA_002116835	C0	0.03250	6.8252	10.0
sample14	high	Phocaeicola_dorei	GCA_013009875	C5	0.03183	6.6842	10.0
sample14	high	Porphyromonas_gingivalis	GCA_002892555	C2	0.02730	5.7336	10.0
sample14	high	Porphyromonas_gingivalis	GCA_057218255	C26	0.00306	0.6418	10.0
sample14	high	Prevotella_copri	GCA_032451715	C11	0.05156	10.8268	10.0
sample14	high	Salmonella_enterica	GCA_028551175	C10	0.04240	8.9032	10.0
sample14	high	Staphylococcus_aureus	GCA_057074175	C2	0.03624	7.6100	10.0
sample14	high	Staphylococcus_epidermidis	GCA_019787665	C3	0.03316	6.9636	10.0
sample14	high	Staphylococcus_epidermidis	GCA_019329585	C3	0.01204	2.5277	10.0
sample14	high	Streptococcus_pneumoniae	GCA_022068265	C9	0.04612	9.6842	10.0
sample14	high	Streptococcus_pneumoniae	GCA_033096165	C17	0.10133	21.2800	10.0
sample15	high	Akkermansia_muciniphila	GCA_017570425	C12	0.02347	5.1643	10.0
sample15	high	Akkermansia_muciniphila	GCA_010223405	C7	0.02765	6.0829	10.0
sample15	high	Clostridioides_difficile	GCA_015352155	C9	0.04031	8.8693	10.0
sample15	high	Cutibacterium_acnes	GCA_057457945	C3	0.00421	0.9255	10.0
sample15	high	Cutibacterium_acnes	GCA_056816635	C5	0.02047	4.5036	10.0
sample15	high	Escherichia_coli	GCA_048571815	C6	0.02598	5.7153	10.0
sample15	high	Fusobacterium_nucleatum	GCA_003019295	C0	0.03801	8.3621	10.0
sample15	high	Klebsiella_pneumoniae	GCA_027942215	C13	0.02044	4.4978	10.0
sample15	high	Klebsiella_pneumoniae	GCA_027942195	C6	0.00633	1.3928	10.0
sample15	high	Lactiplantibacillus_plantarum	GCA_025144505	C18	0.02870	6.3131	10.0
sample15	high	Lactiplantibacillus_plantarum	GCA_057786755	C35	0.03126	6.8770	10.0
sample15	high	Mycobacterium_tuberculosis	GCA_017901095	C0	0.03664	8.0613	10.0
sample15	high	Phocaeicola_dorei	GCA_013010365	C6	0.31410	69.1023	10.0
sample15	high	Phocaeicola_dorei	GCA_013009675	C5	0.02726	5.9979	10.0
sample15	high	Porphyromonas_gingivalis	GCA_002753975	C7	0.00529	1.1641	10.0
sample15	high	Porphyromonas_gingivalis	GCA_055523455	C24	0.08793	19.3435	10.0
sample15	high	Prevotella_copri	GCA_019249655	C1	0.03804	8.3689	10.0
sample15	high	Salmonella_enterica	GCA_006969245	C3	0.00430	0.9459	10.0
sample15	high	Staphylococcus_aureus	GCA_030252755	C3	0.02947	6.4825	10.0
sample15	high	Staphylococcus_epidermidis	GCA_045937765	C3	0.01775	3.9049	10.0
sample15	high	Staphylococcus_epidermidis	GCA_019330225	C3	0.16457	36.2050	10.0
sample15	high	Streptococcus_pneumoniae	GCA_040687875	C28	0.00782	1.7202	10.0
sample16	high	Akkermansia_muciniphila	GCA_018847455	C7	0.01991	3.3855	10.0
sample16	high	Clostridioides_difficile	GCA_022845595	C14	0.01343	2.2832	10.0
sample16	high	Cutibacterium_acnes	GCA_058179315	C3	0.09624	16.3609	10.0
sample16	high	Escherichia_coli	GCA_000008865	C1	0.08958	15.2284	10.0
sample16	high	Fusobacterium_nucleatum	GCA_037951365	C13	0.17822	30.2975	10.0
sample16	high	Klebsiella_pneumoniae	GCA_022699305	C10	0.15970	27.1492	10.0
sample16	high	Klebsiella_pneumoniae	GCA_002202195	C3	0.02716	4.6171	10.0
sample16	high	Lactiplantibacillus_plantarum	GCA_030253605	C21	0.04657	7.9169	10.0
sample16	high	Mycobacterium_tuberculosis	GCA_037942495	C0	0.04236	7.2018	10.0
sample16	high	Phocaeicola_dorei	GCA_025916455	C8	0.00993	1.6889	10.0
sample16	high	Porphyromonas_gingivalis	GCA_002754115	C13	0.04955	8.4236	10.0
sample16	high	Prevotella_copri	GCA_032450655	C10	0.00563	0.9572	10.0
sample16	high	Salmonella_enterica	GCA_024364945	C5	0.01304	2.2160	10.0
sample16	high	Staphylococcus_aureus	GCA_044789125	C8	0.05866	9.9729	10.0
sample16	high	Staphylococcus_aureus	GCA_002097595	C3	0.10817	18.3886	10.0
sample16	high	Staphylococcus_epidermidis	GCA_045933105	C6	0.01937	3.2933	10.0
sample16	high	Streptococcus_pneumoniae	GCA_038431575	C26	0.06246	10.6187	10.0
sample17	high	Akkermansia_muciniphila	GCA_010223115	C6	0.00748	1.5703	10.0
sample17	high	Clostridioides_difficile	GCA_049244755	C21	0.04591	9.6404	10.0
sample17	high	Clostridioides_difficile	GCA_018884965	C5	0.02154	4.5225	10.0
sample17	high	Cutibacterium_acnes	GCA_011399315	C3	0.06171	12.9584	10.0
sample17	high	Cutibacterium_acnes	GCA_058179315	C3	0.03034	6.3707	10.0
sample17	high	Escherichia_coli	GCA_000008865	C1	0.02705	5.6805	10.0
sample17	high	Escherichia_coli	GCA_002853715	C7	0.06740	14.1539	10.0
sample17	high	Fusobacterium_nucleatum	GCA_037953125	C15	0.02090	4.3883	10.0
sample17	high	Klebsiella_pneumoniae	GCA_048961785	C19	0.09820	20.6217	10.0
sample17	high	Klebsiella_pneumoniae	GCA_020911805	C9	0.03902	8.1941	10.0
sample17	high	Lactiplantibacillus_plantarum	GCA_001704335	C1	0.07034	14.7722	10.0
sample17	high	Lactiplantibacillus_plantarum	GCA_002576835	C5	0.30799	64.6786	10.0
sample17	high	Mycobacterium_tuberculosis	GCA_014900235	C0	0.00802	1.6835	10.0
sample17	high	Mycobacterium_tuberculosis	GCA_002116775	C0	0.05059	10.6236	10.0
sample17	high	Phocaeicola_dorei	GCA_902387545	C2	0.00625	1.3126	10.0
sample17	high	Porphyromonas_gingivalis	GCA_001263815	C3	0.02727	5.7270	10.0
sample17	high	Prevotella_copri	GCA_019249825	C6	0.01416	2.9744	10.0
sample17	high	Salmonella_enterica	GCA_022533545	C9	0.01700	3.5703	10.0
sample17	high	Staphylococcus_aureus	GCA_054906625	C3	0.04382	9.2020	10.0
sample17	high	Staphylococcus_epidermidis	GCA_045940975	C6	0.02796	5.8707	10.0
sample17	high	Streptococcus_pneumoniae	GCA_052566725	C2	0.00707	1.4843	10.0
sample18	high	Akkermansia_muciniphila	GCA_008000975	C0	0.04542	9.5375	10.0
sample18	high	Clostridioides_difficile	GCA_003313545	C4	0.00404	0.8484	10.0
sample18	high	Cutibacterium_acnes	GCA_003390995	C1	0.14259	29.9433	10.0
sample18	high	Cutibacterium_acnes	GCA_057584585	C3	0.03486	7.3204	10.0
sample18	high	Escherichia_coli	GCA_055379255	C29	0.01291	2.7109	10.0
sample18	high	Escherichia_coli	GCA_048568975	C23	0.06175	12.9674	10.0
sample18	high	Fusobacterium_nucleatum	GCA_048313075	C17	0.02926	6.1454	10.0
sample18	high	Fusobacterium_nucleatum	GCA_037889285	C7	0.04297	9.0230	10.0
sample18	high	Klebsiella_pneumoniae	GCA_040047695	C16	0.14745	30.9641	10.0
sample18	high	Lactiplantibacillus_plantarum	GCA_001704315	C1	0.03741	7.8562	10.0
sample18	high	Lactiplantibacillus_plantarum	GCA_049477935	C29	0.12872	27.0318	10.0
sample18	high	Mycobacterium_tuberculosis	GCA_033124885	C0	0.00562	1.1802	10.0
sample18	high	Phocaeicola_dorei	GCA_025916455	C8	0.03676	7.7187	10.0
sample18	high	Porphyromonas_gingivalis	GCA_002754095	C12	0.01055	2.2154	10.0
sample18	high	Prevotella_copri	GCA_019249655	C1	0.02222	4.6671	10.0
sample18	high	Salmonella_enterica	GCA_058447365	C18	0.14664	30.7946	10.0
sample18	high	Salmonella_enterica	GCA_021474285	C8	0.01210	2.5419	10.0
sample18	high	Staphylococcus_aureus	GCA_026625265	C3	0.01650	3.4658	10.0
sample18	high	Staphylococcus_epidermidis	GCA_019329745	C3	0.01612	3.3844	10.0
sample18	high	Streptococcus_pneumoniae	GCA_033165855	C24	0.03483	7.3133	10.0
sample18	high	Streptococcus_pneumoniae	GCA_021398265	C8	0.01129	2.3701	10.0
sample19	high	Akkermansia_muciniphila	GCA_010223095	C6	0.00610	0.9143	10.0
sample19	high	Clostridioides_difficile	GCA_001077535	C1	0.03034	4.5508	10.0
sample19	high	Cutibacterium_acnes	GCA_057457935	C3	0.02913	4.3695	10.0
sample19	high	Escherichia_coli	GCA_003018035	C8	0.08556	12.8335	10.0
sample19	high	Fusobacterium_nucleatum	GCA_037889125	C3	0.12750	19.1256	10.0
sample19	high	Klebsiella_pneumoniae	GCA_058145555	C26	0.04087	6.1300	10.0
sample19	high	Lactiplantibacillus_plantarum	GCA_009913655	C11	0.02669	4.0032	10.0
sample19	high	Mycobacterium_tuberculosis	GCA_000277735	C0	0.03586	5.3788	10.0
sample19	high	Phocaeicola_dorei	GCA_013010255	C6	0.01673	2.5099	10.0
sample19	high	Porphyromonas_gingivalis	GCA_030144345	C20	0.02316	3.4736	10.0
sample19	high	Prevotella_copri	GCA_051861805	C16	0.01475	2.2125	10.0
sample19	high	Salmonella_enterica	GCA_024364945	C5	0.08210	12.3157	10.0
sample19	high	Staphylococcus_aureus	GCA_002097595	C3	0.03372	5.0585	10.0
sample19	high	Staphylococcus_epidermidis	GCA_009685135	C2	0.43499	65.2481	10.0
sample19	high	Streptococcus_pneumoniae	GCA_041729265	C30	0.01251	1.8758	10.0
sample20	high	Akkermansia_muciniphila	GCA_008000975	C0	0.03277	6.2259	10.0
sample20	high	Clostridioides_difficile	GCA_003313565	C5	0.01291	2.4521	10.0
sample20	high	Cutibacterium_acnes	GCA_058178805	C3	0.25129	47.7453	10.0
sample20	high	Cutibacterium_acnes	GCA_030166615	C1	0.00865	1.6444	10.0
sample20	high	Escherichia_coli	GCA_044324875	C20	0.02926	5.5596	10.0
sample20	high	Fusobacterium_nucleatum	GCA_037889255	C6	0.07455	14.1649	10.0
sample20	high	Fusobacterium_nucleatum	GCA_037900345	C0	0.00490	0.9312	10.0
sample20	high	Klebsiella_pneumoniae	GCA_002156745	C2	0.06523	12.3941	10.0
sample20	high	Lactiplantibacillus_plantarum	GCA_001704335	C1	0.00771	1.4648	10.0
sample20	high	Mycobacterium_tuberculosis	GCA_002116775	C0	0.00475	0.9017	10.0
sample20	high	Mycobacterium_tuberculosis	GCA_963525475	C0	0.02857	5.4281	10.0
sample20	high	Phocaeicola_dorei	GCA_025146415	C4	0.08897	16.9041	10.0
sample20	high	Phocaeicola_dorei	GCA_013009675	C5	0.10627	20.1919	10.0
sample20	high	Porphyromonas_gingivalis	GCA_028335125	C19	0.01244	2.3637	10.0
sample20	high	Prevotella_copri	GCA_019249825	C6	0.03489	6.6282	10.0
sample20	high	Salmonella_enterica	GCA_058447825	C5	0.02124	4.0351	10.0
sample20	high	Staphylococcus_aureus	GCA_057077345	C12	0.18570	35.2829	10.0
sample20	high	Staphylococcus_epidermidis	GCA_019330245	C3	0.00242	0.4590	10.0
sample20	high	Streptococcus_pneumoniae	GCA_022070425	C11	0.02749	5.2231	10.0
sample01	low	Akkermansia_muciniphila	GCA_010509235	C5	0.02745	0.4941	1.0
sample01	low	Clostridioides_difficile	GCA_054790685	C23	0.01641	0.2954	1.0
sample01	low	Cutibacterium_acnes	GCA_057584575	C3	0.01410	0.2538	1.0
sample01	low	Cutibacterium_acnes	GCA_029338475	C3	0.13159	2.3686	1.0
sample01	low	Escherichia_coli	GCA_048571565	C9	0.23722	4.2700	1.0
sample01	low	Fusobacterium_nucleatum	GCA_037889235	C5	0.14581	2.6246	1.0
sample01	low	Klebsiella_pneumoniae	GCA_043187905	C17	0.00652	0.1173	1.0
sample01	low	Lactiplantibacillus_plantarum	GCA_057815115	C36	0.00444	0.0799	1.0
sample01	low	Mycobacterium_tuberculosis	GCA_963525475	C0	0.06480	1.1663	1.0
sample01	low	Phocaeicola_dorei	GCA_001640865	C3	0.00830	0.1495	1.0
sample01	low	Porphyromonas_gingivalis	GCA_000270225	C2	0.00456	0.0820	1.0
sample01	low	Prevotella_copri	GCA_019249805	C5	0.00585	0.1054	1.0
sample01	low	Prevotella_copri	GCA_019249765	C3	0.01414	0.2545	1.0
sample01	low	Salmonella_enterica	GCA_022870685	C8	0.01797	0.3235	1.0
sample01	low	Staphylococcus_aureus	GCA_000013425	C0	0.01431	0.2576	1.0
sample01	low	Staphylococcus_aureus	GCA_026625205	C3	0.23119	4.1614	1.0
sample01	low	Staphylococcus_epidermidis	GCA_045938865	C6	0.03891	0.7004	1.0
sample01	low	Streptococcus_pneumoniae	GCA_036322975	C25	0.01642	0.2956	1.0
sample02	low	Akkermansia_muciniphila	GCA_018847115	C13	0.02167	0.4118	1.0
sample02	low	Clostridioides_difficile	GCA_037941005	C19	0.00881	0.1673	1.0
sample02	low	Cutibacterium_acnes	GCA_011399315	C3	0.02475	0.4702	1.0
sample02	low	Cutibacterium_acnes	GCA_058180565	C3	0.03932	0.7470	1.0
sample02	low	Escherichia_coli	GCA_040571355	C19	0.13419	2.5495	1.0
sample02	low	Fusobacterium_nucleatum	GCA_037889325	C9	0.04422	0.8402	1.0
sample02	low	Fusobacterium_nucleatum	GCA_028621975	C1	0.14077	2.6747	1.0
sample02	low	Klebsiella_pneumoniae	GCA_017809835	C6	0.06010	1.1419	1.0
sample02	low	Lactiplantibacillus_plantarum	GCA_057815115	C36	0.02637	0.5011	1.0
sample02	low	Lactiplantibacillus_plantarum	GCA_056175105	C32	0.02912	0.5533	1.0
sample02	low	Mycobacterium_tuberculosis	GCA_002116835	C0	0.07749	1.4723	1.0
sample02	low	Phocaeicola_dorei	GCA_025916455	C8	0.08582	1.6306	1.0
sample02	low	Phocaeicola_dorei	GCA_018292105	C7	0.03050	0.5795	1.0
sample02	low	Porphyromonas_gingivalis	GCA_055523465	C25	0.01897	0.3604	1.0
sample02	low	Prevotella_copri	GCA_019249755	C2	0.10394	1.9748	1.0
sample02	low	Salmonella_enterica	GCA_014334215	C6	0.01467	0.2786	1.0
sample02	low	Staphylococcus_aureus	GCA_026625365	C3	0.03115	0.5918	1.0
sample02	low	Staphylococcus_epidermidis	GCA_900638695	C3	0.05583	1.0608	1.0
sample02	low	Streptococcus_pneumoniae	GCA_055382695	C20	0.05233	0.9942	1.0
sample03	low	Akkermansia_muciniphila	GCA_018847395	C16	0.05463	0.9287	1.0
sample03	low	Clostridioides_difficile	GCA_049244735	C20	0.13238	2.2504	1.0
sample03	low	Cutibacterium_acnes	GCA_003030305	C3	0.03736	0.6350	1.0
sample03	low	Cutibacterium_acnes	GCA_003798465	C4	0.11407	1.9392	1.0
sample03	low	Escherichia_coli	GCA_002853715	C7	0.03100	0.5270	1.0
sample03	low	Fusobacterium_nucleatum	GCA_037952305	C14	0.15557	2.6447	1.0
sample03	low	Klebsiella_pneumoniae	GCA_019823935	C6	0.06157	1.0467	1.0
sample03	low	Lactiplantibacillus_plantarum	GCA_017798305	C17	0.01415	0.2405	1.0
sample03	low	Mycobacterium_tuberculosis	GCA_014900005	C0	0.15126	2.5714	1.0
sample03	low	Phocaeicola_dorei	GCA_013009675	C5	0.01169	0.1986	1.0
sample03	low	Porphyromonas_gingivalis	GCA_002754115	C13	0.04750	0.8075	1.0
sample03	low	Prevotella_copri	GCA_019249795	C4	0.03074	0.5226	1.0
sample03	low	Salmonella_enterica	GCA_041930345	C13	0.03533	0.6006	1.0
sample03	low	Salmonella_enterica	GCA_003325135	C2	0.02131	0.3623	1.0
sample03	low	Staphylococcus_aureus	GCA_057074225	C2	0.05608	0.9533	1.0
sample03	low	Staphylococcus_epidermidis	GCA_045939605	C6	0.01262	0.2145	1.0
sample03	low	Streptococcus_pneumoniae	GCA_022070425	C11	0.03275	0.5568	1.0
sample04	low	Akkermansia_muciniphila	GCA_018847355	C16	0.06214	1.3049	1.0
sample04	low	Clostridioides_difficile	GCA_963426535	C26	0.09246	1.9417	1.0
sample04	low	Cutibacterium_acnes	GCA_057501535	C3	0.00704	0.1478	1.0
sample04	low	Cutibacterium_acnes	GCA_030166635	C1	0.01006	0.2113	1.0
sample04	low	Escherichia_coli	GCA_048571525	C8	0.00702	0.1474	1.0
sample04	low	Fusobacterium_nucleatum	GCA_037889235	C5	0.03451	0.7247	1.0
sample04	low	Klebsiella_pneumoniae	GCA_022699305	C10	0.02599	0.5457	1.0
sample04	low	Klebsiella_pneumoniae	GCA_027595645	C1	0.34588	7.2635	1.0
sample04	low	Lactiplantibacillus_plantarum	GCA_002868775	C6	0.04159	0.8735	1.0
sample04	low	Mycobacterium_tuberculosis	GCA_965124815	C0	0.00631	0.1325	1.0
sample04	low	Mycobacterium_tuberculosis	GCA_040209325	C0	0.01245	0.2614	1.0
sample04	low	Phocaeicola_dorei	GCA_013010365	C6	0.01575	0.3307	1.0
sample04	low	Porphyromonas_gingivalis	GCA_055523465	C25	0.02084	0.4377	1.0
sample04	low	Porphyromonas_gingivalis	GCA_028335085	C18	0.08421	1.7685	1.0
sample04	low	Prevotella_copri	GCA_019249825	C6	0.00952	0.2000	1.0
sample04	low	Prevotella_copri	GCA_051861815	C17	0.00585	0.1229	1.0
sample04	low	Salmonella_enterica	GCA_022870685	C8	0.01007	0.2114	1.0
sample04	low	Staphylococcus_aureus	GCA_045790345	C9	0.01290	0.2709	1.0
sample04	low	Staphylococcus_epidermidis	GCA_045939555	C6	0.07402	1.5544	1.0
sample04	low	Streptococcus_pneumoniae	GCA_001457635	C0	0.05935	1.2464	1.0
sample04	low	Streptococcus_pneumoniae	GCA_038431755	C27	0.06204	1.3029	1.0
sample05	low	Akkermansia_muciniphila	GCA_010230515	C10	0.04735	0.8996	1.0
sample05	low	Clostridioides_difficile	GCA_049201135	C3	0.00489	0.0930	1.0
sample05	low	Cutibacterium_acnes	GCA_057198265	C3	0.11569	2.1982	1.0
sample05	low	Escherichia_coli	GCA_048571655	C8	0.04184	0.7949	1.0
sample05	low	Escherichia_coli	GCA_048571515	C8	0.03748	0.7121	1.0
sample05	low	Fusobacterium_nucleatum	GCA_048313075	C17	0.02198	0.4176	1.0
sample05	low	Fusobacterium_nucleatum	GCA_037952305	C14	0.03060	0.5815	1.0
sample05	low	Klebsiella_pneumoniae	GCA_052906805	C20	0.00469	0.0891	1.0
sample05	low	Lactiplantibacillus_plantarum	GCA_057785035	C34	0.00574	0.1090	1.0
sample05	low	Mycobacterium_tuberculosis	GCA_009730215	C0	0.01011	0.1920	1.0
sample05	low	Phocaeicola_dorei	GCA_013009675	C5	0.02962	0.5627	1.0
sample05	low	Porphyromonas_gingivalis	GCA_057220555	C26	0.09402	1.7865	1.0
sample05	low	Prevotella_copri	GCA_019249805	C5	0.02525	0.4797	1.0
sample05	low	Salmonella_enterica	GCA_020736345	C5	0.05387	1.0235	1.0
sample05	low	Salmonella_enterica	GCA_006969245	C3	0.03817	0.7253	1.0
sample05	low	Staphylococcus_aureus	GCA_037039295	C6	0.00334	0.0635	1.0
sample05	low	Staphylococcus_epidermidis	GCA_019329365	C3	0.03756	0.7137	1.0
sample05	low	Staphylococcus_epidermidis	GCA_045940065	C6	0.32558	6.1860	1.0
sample05	low	Streptococcus_pneumoniae	GCA_022070005	C10	0.07222	1.3722	1.0
sample06	low	Akkermansia_muciniphila	GCA_014170075	C11	0.00200	0.0400	1.0
sample06	low	Clostridioides_difficile	GCA_054790685	C23	0.17460	3.4920	1.0
sample06	low	Cutibacterium_acnes	GCA_057584585	C3	0.01691	0.3383	1.0
sample06	low	Cutibacterium_acnes	GCA_057198105	C3	0.08095	1.6190	1.0
sample06	low	Escherichia_coli	GCA_027925785	C16	0.29595	5.9189	1.0
sample06	low	Escherichia_coli	GCA_048571565	C9	0.06264	1.2528	1.0
sample06	low	Fusobacterium_nucleatum	GCA_037889255	C6	0.02035	0.4069	1.0
sample06	low	Klebsiella_pneumoniae	GCA_058145595	C26	0.01352	0.2705	1.0
sample06	low	Klebsiella_pneumoniae	GCA_048961795	C19	0.04528	0.9055	1.0
sample06	low	Lactiplantibacillus_plantarum	GCA_015693925	C16	0.07630	1.5261	1.0
sample06	low	Mycobacterium_tuberculosis	GCA_965124815	C0	0.02522	0.5045	1.0
sample06	low	Phocaeicola_dorei	GCA_013009555	C4	0.00663	0.1327	1.0
sample06	low	Phocaeicola_dorei	GCA_902387545	C2	0.04515	0.9030	1.0
sample06	low	Porphyromonas_gingivalis	GCA_002753955	C6	0.00443	0.0887	1.0
sample06	low	Prevotella_copri	GCA_019249755	C2	0.01172	0.2345	1.0
sample06	low	Salmonella_enterica	GCA_041866875	C12	0.00782	0.1565	1.0
sample06	low	Salmonella_enterica	GCA_029537315	C11	0.02141	0.4282	1.0
sample06	low	Staphylococcus_aureus	GCA_057074205	C2	0.05546	1.1092	1.0
sample06	low	Staphylococcus_epidermidis	GCA_045940705	C6	0.01122	0.2244	1.0
sample06	low	Streptococcus_pneumoniae	GCA_026625965	C13	0.02242	0.4484	1.0
sample07	low	Akkermansia_muciniphila	GCA_017570505	C12	0.01145	0.2290	1.0
sample07	low	Akkermansia_muciniphila	GCA_010509235	C5	0.18189	3.6378	1.0
sample07	low	Clostridioides_difficile	GCA_054790685	C23	0.02017	0.4034	1.0
sample07	low	Clostridioides_difficile	GCA_052441905	C7	0.02543	0.5087	1.0
sample07	low	Cutibacterium_acnes	GCA_003812785	C3	0.00370	0.0741	1.0
sample07	low	Escherichia_coli	GCA_027925785	C16	0.00550	0.1100	1.0
sample07	low	Escherichia_coli	GCA_027925745	C15	0.01686	0.3372	1.0
sample07	low	Fusobacterium_nucleatum	GCA_037889235	C5	0.01572	0.3145	1.0
sample07	low	Klebsiella_pneumoniae	GCA_002156745	C2	0.00963	0.1925	1.0
sample07	low	Lactiplantibacillus_plantarum	GCA_049477935	C29	0.01096	0.2192	1.0
sample07	low	Lactiplantibacillus_plantarum	GCA_004103495	C8	0.02495	0.4991	1.0
sample07	low	Mycobacterium_tuberculosis	GCA_017901035	C0	0.02998	0.5996	1.0
sample07	low	Phocaeicola_dorei	GCA_018292105	C7	0.07233	1.4466	1.0
sample07	low	Phocaeicola_dorei	GCA_001274835	C2	0.05254	1.0508	1.0
sample07	low	Porphyromonas_gingivalis	GCA_002892575	C1	0.01552	0.3103	1.0
sample07	low	Prevotella_copri	GCA_019249825	C6	0.03459	0.6917	1.0
sample07	low	Salmonella_enterica	GCA_028551175	C10	0.03484	0.6969	1.0
sample07	low	Staphylococcus_aureus	GCA_026167765	C1	0.13933	2.7866	1.0
sample07	low	Staphylococcus_epidermidis	GCA_019330105	C3	0.19965	3.9931	1.0
sample07	low	Streptococcus_pneumoniae	GCA_036322975	C25	0.09495	1.8990	1.0
sample08	low	Akkermansia_muciniphila	GCA_017570505	C12	0.09500	1.8050	1.0
sample08	low	Clostridioides_difficile	GCA_049244755	C21	0.07049	1.3393	1.0
sample08	low	Cutibacterium_acnes	GCA_058137405	C3	0.00546	0.1037	1.0
sample08	low	Escherichia_coli	GCA_000013265	C3	0.05111	0.9711	1.0
sample08	low	Fusobacterium_nucleatum	GCA_037889055	C2	0.02951	0.5606	1.0
sample08	low	Klebsiella_pneumoniae	GCA_018128465	C7	0.05835	1.1086	1.0
sample08	low	Lactiplantibacillus_plantarum	GCA_031597175	C23	0.07291	1.3853	1.0
sample08	low	Mycobacterium_tuberculosis	GCA_002116835	C0	0.01117	0.2123	1.0
sample08	low	Phocaeicola_dorei	GCA_013009875	C5	0.14831	2.8180	1.0
sample08	low	Phocaeicola_dorei	GCA_013009675	C5	0.07894	1.4999	1.0
sample08	low	Porphyromonas_gingivalis	GCA_057220555	C26	0.02237	0.4251	1.0
sample08	low	Porphyromonas_gingivalis	GCA_030440495	C21	0.15550	2.9545	1.0
sample08	low	Prevotella_copri	GCA_019249755	C2	0.05317	1.0103	1.0
sample08	low	Salmonella_enterica	GCA_020736345	C5	0.01861	0.3537	1.0
sample08	low	Staphylococcus_aureus	GCA_045862735	C3	0.00695	0.1320	1.0
sample08	low	Staphylococcus_aureus	GCA_054906625	C3	0.02232	0.4241	1.0
sample08	low	Staphylococcus_epidermidis	GCA_045938865	C6	0.04848	0.9210	1.0
sample08	low	Staphylococcus_epidermidis	GCA_031326165	C5	0.02474	0.4701	1.0
sample08	low	Streptococcus_pneumoniae	GCA_021398285	C8	0.02660	0.5054	1.0
sample09	low	Akkermansia_muciniphila	GCA_004015245	C1	0.08295	1.7419	1.0
sample09	low	Akkermansia_muciniphila	GCA_018847215	C14	0.05665	1.1897	1.0
sample09	low	Clostridioides_difficile	GCA_018884925	C10	0.06246	1.3117	1.0
sample09	low	Clostridioides_difficile	GCA_037941005	C19	0.03681	0.7729	1.0
sample09	low	Cutibacterium_acnes	GCA_057198265	C3	0.04574	0.9606	1.0
sample09	low	Escherichia_coli	GCA_000010385	C2	0.01337	0.2808	1.0
sample09	low	Fusobacterium_nucleatum	GCA_031191795	C0	0.00711	0.1494	1.0
sample09	low	Klebsiella_pneumoniae	GCA_030845935	C15	0.01311	0.2753	1.0
sample09	low	Lactiplantibacillus_plantarum	GCA_015693925	C16	0.03245	0.6814	1.0
sample09	low	Mycobacterium_tuberculosis	GCA_965124815	C0	0.01598	0.3355	1.0
sample09	low	Mycobacterium_tuberculosis	GCA_965122945	C0	0.03496	0.7341	1.0
sample09	low	Phocaeicola_dorei	GCA_018292105	C7	0.02601	0.5462	1.0
sample09	low	Porphyromonas_gingivalis	GCA_057218275	C26	0.00506	0.1063	1.0
sample09	low	Prevotella_copri	GCA_032452555	C13	0.02663	0.5592	1.0
sample09	low	Salmonella_enterica	GCA_058447365	C18	0.01401	0.2942	1.0
sample09	low	Salmonella_enterica	GCA_041866875	C12	0.02522	0.5295	1.0
sample09	low	Staphylococcus_aureus	GCA_050881725	C3	0.00707	0.1486	1.0
sample09	low	Staphylococcus_aureus	GCA_041531615	C7	0.47747	10.0269	1.0
sample09	low	Staphylococcus_epidermidis	GCA_019329545	C3	0.00616	0.1294	1.0
sample09	low	Streptococcus_pneumoniae	GCA_900476505	C34	0.00357	0.0750	1.0
sample09	low	Streptococcus_pneumoniae	GCA_055382695	C20	0.00721	0.1513	1.0
sample10	low	Akkermansia_muciniphila	GCA_017570525	C12	0.03735	0.6724	1.0
sample10	low	Clostridioides_difficile	GCA_037923795	C18	0.16965	3.0537	1.0
sample10	low	Cutibacterium_acnes	GCA_029851625	C7	0.02308	0.4155	1.0
sample10	low	Escherichia_coli	GCA_014058445	C11	0.01089	0.1960	1.0
sample10	low	Fusobacterium_nucleatum	GCA_037889055	C2	0.04929	0.8872	1.0
sample10	low	Klebsiella_pneumoniae	GCA_050809835	C6	0.04306	0.7750	1.0
sample10	low	Lactiplantibacillus_plantarum	GCA_001704315	C1	0.06795	1.2231	1.0
sample10	low	Mycobacterium_tuberculosis	GCA_021559895	C0	0.02293	0.4127	1.0
sample10	low	Mycobacterium_tuberculosis	GCA_040209215	C0	0.19045	3.4281	1.0
sample10	low	Phocaeicola_dorei	GCA_013009675	C5	0.03051	0.5492	1.0
sample10	low	Porphyromonas_gingivalis	GCA_057218255	C26	0.02127	0.3828	1.0
sample10	low	Prevotella_copri	GCA_032452555	C13	0.01674	0.3014	1.0
sample10	low	Prevotella_copri	GCA_015074785	C0	0.08189	1.4741	1.0
sample10	low	Salmonella_enterica	GCA_024364865	C8	0.05990	1.0782	1.0
sample10	low	Salmonella_enterica	GCA_003325135	C2	0.02833	0.5099	1.0
sample10	low	Staphylococcus_aureus	GCA_006364675	C1	0.09174	1.6514	1.0
sample10	low	Staphylococcus_epidermidis	GCA_019329245	C3	0.02049	0.3688	1.0
sample10	low	Streptococcus_pneumoniae	GCA_038431575	C26	0.03448	0.6206	1.0
sample11	low	Akkermansia_muciniphila	GCA_004104435	C3	0.00448	0.0941	1.0
sample11	low	Akkermansia_muciniphila	GCA_018847355	C16	0.00179	0.0375	1.0
sample11	low	Clostridioides_difficile	GCA_024972555	C15	0.15195	3.1910	1.0
sample11	low	Cutibacterium_acnes	GCA_011399455	C3	0.03199	0.6717	1.0
sample11	low	Cutibacterium_acnes	GCA_006739385	C3	0.04643	0.9749	1.0
sample11	low	Escherichia_coli	GCA_048571835	C8	0.29210	6.1342	1.0
sample11	low	Fusobacterium_nucleatum	GCA_037889385	C11	0.02745	0.5765	1.0
sample11	low	Klebsiella_pneumoniae	GCA_058145555	C26	0.10039	2.1081	1.0
sample11	low	Klebsiella_pneumoniae	GCA_011045595	C5	0.00426	0.0896	1.0
sample11	low	Lactiplantibacillus_plantarum	GCA_039725565	C24	0.01655	0.3476	1.0
sample11	low	Lactiplantibacillus_plantarum	GCA_002868775	C6	0.03890	0.8168	1.0
sample11	low	Mycobacterium_tuberculosis	GCA_002072775	C0	0.05128	1.0770	1.0
sample11	low	Phocaeicola_dorei	GCA_000738045	C0	0.01842	0.3868	1.0
sample11	low	Porphyromonas_gingivalis	GCA_002754155	C15	0.05171	1.0859	1.0
sample11	low	Prevotella_copri	GCA_019249855	C7	0.00614	0.1290	1.0
sample11	low	Salmonella_enterica	GCA_024364905	C8	0.01994	0.4188	1.0
sample11	low	Staphylococcus_aureus	GCA_056820105	C3	0.01342	0.2818	1.0
sample11	low	Staphylococcus_aureus	GCA_004136255	C3	0.02807	0.5895	1.0
sample11	low	Staphylococcus_epidermidis	GCA_019329585	C3	0.03844	0.8073	1.0
sample11	low	Staphylococcus_epidermidis	GCA_019330165	C3	0.03819	0.8021	1.0
sample11	low	Streptococcus_pneumoniae	GCA_021398285	C8	0.01809	0.3798	1.0
sample12	low	Akkermansia_muciniphila	GCA_040616545	C22	0.17892	3.0416	1.0
sample12	low	Clostridioides_difficile	GCA_049244755	C21	0.04438	0.7545	1.0
sample12	low	Cutibacterium_acnes	GCA_029851525	C6	0.00363	0.0617	1.0
sample12	low	Escherichia_coli	GCA_000210475	C5	0.01919	0.3262	1.0
sample12	low	Fusobacterium_nucleatum	GCA_037889285	C7	0.09993	1.6988	1.0
sample12	low	Klebsiella_pneumoniae	GCA_017809835	C6	0.10476	1.7809	1.0
sample12	low	Lactiplantibacillus_plantarum	GCA_018351295	C12	0.04499	0.7649	1.0
sample12	low	Mycobacterium_tuberculosis	GCA_040209325	C0	0.03072	0.5222	1.0
sample12	low	Phocaeicola_dorei	GCA_013010095	C5	0.01206	0.2051	1.0
sample12	low	Phocaeicola_dorei	GCA_018292105	C7	0.01016	0.1727	1.0
sample12	low	Porphyromonas_gingivalis	GCA_002754035	C9	0.04965	0.8441	1.0
sample12	low	Prevotella_copri	GCA_032450655	C10	0.06723	1.1428	1.0
sample12	low	Salmonella_enterica	GCA_045278205	C14	0.01072	0.1822	1.0
sample12	low	Salmonella_enterica	GCA_058447365	C18	0.03363	0.5717	1.0
sample12	low	Staphylococcus_aureus	GCA_037039325	C3	0.15317	2.6040	1.0
sample12	low	Staphylococcus_epidermidis	GCA_019329785	C3	0.07119	1.2102	1.0
sample12	low	Streptococcus_pneumoniae	GCA_900476475	C33	0.06567	1.1164	1.0
sample13	low	Akkermansia_muciniphila	GCA_010230935	C10	0.00904	0.1717	1.0
sample13	low	Akkermansia_muciniphila	GCA_004015245	C1	0.04813	0.9146	1.0
sample13	low	Clostridioides_difficile	GCA_049242515	C3	0.07176	1.3635	1.0
sample13	low	Cutibacterium_acnes	GCA_057584575	C3	0.05689	1.0808	1.0
sample13	low	Escherichia_coli	GCA_000010385	C2	0.03704	0.7037	1.0
sample13	low	Fusobacterium_nucleatum	GCA_037900345	C0	0.03204	0.6087	1.0
sample13	low	Klebsiella_pneumoniae	GCA_017809835	C6	0.00555	0.1055	1.0
sample13	low	Lactiplantibacillus_plantarum	GCA_057736435	C33	0.09989	1.8979	1.0
sample13	low	Lactiplantibacillus_plantarum	GCA_057418965	C17	0.01356	0.2577	1.0
sample13	low	Mycobacterium_tuberculosis	GCA_965122945	C0	0.02698	0.5127	1.0
sample13	low	Mycobacterium_tuberculosis	GCA_037942495	C0	0.03637	0.6910	1.0
sample13	low	Phocaeicola_dorei	GCA_013010365	C6	0.02441	0.4637	1.0
sample13	low	Porphyromonas_gingivalis	GCA_001263815	C3	0.09447	1.7950	1.0
sample13	low	Prevotella_copri	GCA_019249655	C1	0.04521	0.8590	1.0
sample13	low	Salmonella_enterica	GCA_001558355	C0	0.02835	0.5387	1.0
sample13	low	Staphylococcus_aureus	GCA_054906615	C3	0.01674	0.3181	1.0
sample13	low	Staphylococcus_epidermidis	GCA_002850315	C0	0.15745	2.9915	1.0
sample13	low	Staphylococcus_epidermidis	GCA_019329505	C3	0.04882	0.9276	1.0
sample13	low	Streptococcus_pneumoniae	GCA_900618545	C35	0.14730	2.7988	1.0
sample14	low	Akkermansia_muciniphila	GCA_014170075	C11	0.00737	0.1401	1.0
sample14	low	Clostridioides_difficile	GCA_003095675	C2	0.03459	0.6573	1.0
sample14	low	Clostridioides_difficile	GCA_003313565	C5	0.01566	0.2975	1.0
sample14	low	Cutibacterium_acnes	GCA_029851605	C1	0.03899	0.7407	1.0
sample14	low	Escherichia_coli	GCA_048571835	C8	0.25593	4.8626	1.0
sample14	low	Escherichia_coli	GCA_003018035	C8	0.03001	0.5702	1.0
sample14	low	Fusobacterium_nucleatum	GCA_037889055	C2	0.02214	0.4206	1.0
sample14	low	Fusobacterium_nucleatum	GCA_003019295	C0	0.00800	0.1520	1.0
sample14	low	Klebsiella_pneumoniae	GCA_022699305	C10	0.03226	0.6129	1.0
sample14	low	Lactiplantibacillus_plantarum	GCA_013155145	C13	0.03677	0.6987	1.0
sample14	low	Mycobacterium_tuberculosis	GCA_965122945	C0	0.00615	0.1168	1.0
sample14	low	Phocaeicola_dorei	GCA_013009875	C5	0.01421	0.2700	1.0
sample14	low	Porphyromonas_gingivalis	GCA_057220555	C26	0.00231	0.0440	1.0
sample14	low	Prevotella_copri	GCA_051861795	C15	0.04564	0.8672	1.0
sample14	low	Salmonella_enterica	GCA_006365335	C0	0.22234	4.2245	1.0
sample14	low	Salmonella_enterica	GCA_006969245	C3	0.04809	0.9138	1.0
sample14	low	Staphylococcus_aureus	GCA_001515685	C2	0.03352	0.6369	1.0
sample14	low	Staphylococcus_epidermidis	GCA_045940705	C6	0.07672	1.4577	1.0
sample14	low	Streptococcus_pneumoniae	GCA_900618545	C35	0.06931	1.3168	1.0
sample15	low	Akkermansia_muciniphila	GCA_017570505	C12	0.13530	2.5708	1.0
sample15	low	Clostridioides_difficile	GCA_057587615	C24	0.05056	0.9607	1.0
sample15	low	Cutibacterium_acnes	GCA_058178805	C3	0.01020	0.1938	1.0
sample15	low	Escherichia_coli	GCA_027925825	C17	0.04426	0.8410	1.0
sample15	low	Fusobacterium_nucleatum	GCA_031191795	C0	0.02105	0.3999	1.0
sample15	low	Klebsiella_pneumoniae	GCA_050156185	C6	0.02693	0.5117	1.0
sample15	low	Lactiplantibacillus_plantarum	GCA_013155145	C13	0.09001	1.7103	1.0
sample15	low	Mycobacterium_tuberculosis	GCA_000277735	C0	0.02326	0.4419	1.0
sample15	low	Mycobacterium_tuberculosis	GCA_014900235	C0	0.01571	0.2984	1.0
sample15	low	Phocaeicola_dorei	GCA_013009675	C5	0.04492	0.8535	1.0
sample15	low	Phocaeicola_dorei	GCA_013009875	C5	0.01354	0.2572	1.0
sample15	low	Porphyromonas_gingivalis	GCA_002753955	C6	0.02873	0.5459	1.0
sample15	low	Prevotella_copri	GCA_019249825	C6	0.15809	3.0036	1.0
sample15	low	Salmonella_enterica	GCA_058447365	C18	0.09658	1.8350	1.0
sample15	low	Staphylococcus_aureus	GCA_900607305	C3	0.04245	0.8066	1.0
sample15	low	Staphylococcus_aureus	GCA_054906615	C3	0.02518	0.4784	1.0
sample15	low	Staphylococcus_epidermidis	GCA_019329405	C3	0.04695	0.8921	1.0
sample15	low	Staphylococcus_epidermidis	GCA_006094375	C1	0.01883	0.3578	1.0
sample15	low	Streptococcus_pneumoniae	GCA_033165855	C24	0.10745	2.0415	1.0
sample16	low	Akkermansia_muciniphila	GCA_018847495	C7	0.01414	0.3253	1.0
sample16	low	Clostridioides_difficile	GCA_000953275	C0	0.05389	1.2395	1.0
sample16	low	Clostridioides_difficile	GCA_049201135	C3	0.02807	0.6457	1.0
sample16	low	Cutibacterium_acnes	GCA_030295305	C5	0.07073	1.6268	1.0
sample16	low	Escherichia_coli	GCA_048569015	C8	0.13303	3.0596	1.0
sample16	low	Fusobacterium_nucleatum	GCA_037889325	C9	0.01312	0.3018	1.0
sample16	low	Fusobacterium_nucleatum	GCA_037889055	C2	0.02902	0.6674	1.0
sample16	low	Klebsiella_pneumoniae	GCA_000240185	C0	0.12164	2.7978	1.0
sample16	low	Klebsiella_pneumoniae	GCA_057220915	C24	0.04459	1.0256	1.0
sample16	low	Lactiplantibacillus_plantarum	GCA_028869445	C20	0.03838	0.8827	1.0
sample16	low	Mycobacterium_tuberculosis	GCA_009730215	C0	0.00321	0.0739	1.0
sample16	low	Phocaeicola_dorei	GCA_013010255	C6	0.03490	0.8026	1.0
sample16	low	Porphyromonas_gingivalis	GCA_057218265	C26	0.03480	0.8004	1.0
sample16	low	Porphyromonas_gingivalis	GCA_018141805	C17	0.00586	0.1349	1.0
sample16	low	Prevotella_copri	GCA_032452275	C12	0.03736	0.8594	1.0
sample16	low	Prevotella_copri	GCA_019249755	C2	0.00900	0.2069	1.0
sample16	low	Salmonella_enterica	GCA_003325135	C2	0.03602	0.8285	1.0
sample16	low	Staphylococcus_aureus	GCA_900607305	C3	0.06294	1.4477	1.0
sample16	low	Staphylococcus_aureus	GCA_003945425	C4	0.03564	0.8196	1.0
sample16	low	Staphylococcus_epidermidis	GCA_002850315	C0	0.02232	0.5133	1.0
sample16	low	Staphylococcus_epidermidis	GCA_045940065	C6	0.05277	1.2136	1.0
sample16	low	Streptococcus_pneumoniae	GCA_052566725	C2	0.10097	2.3223	1.0
sample16	low	Streptococcus_pneumoniae	GCA_041729265	C30	0.01759	0.4045	1.0
sample17	low	Akkermansia_muciniphila	GCA_028743255	C18	0.01326	0.2785	1.0
sample17	low	Clostridioides_difficile	GCA_024972115	C3	0.03371	0.7080	1.0
sample17	low	Clostridioides_difficile	GCA_003313545	C4	0.03117	0.6546	1.0
sample17	low	Cutibacterium_acnes	GCA_057584885	C3	0.00820	0.1722	1.0
sample17	low	Cutibacterium_acnes	GCA_003812785	C3	0.04335	0.9103	1.0
sample17	low	Escherichia_coli	GCA_001721125	C6	0.02590	0.5439	1.0
sample17	low	Escherichia_coli	GCA_048568975	C23	0.01587	0.3333	1.0
sample17	low	Fusobacterium_nucleatum	GCA_031191795	C0	0.32369	6.7974	1.0
sample17	low	Klebsiella_pneumoniae	GCA_022699345	C10	0.02914	0.6119	1.0
sample17	low	Klebsiella_pneumoniae	GCA_019823805	C6	0.00524	0.1100	1.0
sample17	low	Lactiplantibacillus_plantarum	GCA_052692365	C30	0.02501	0.5252	1.0
sample17	low	Mycobacterium_tuberculosis	GCA_001708265	C0	0.07719	1.6209	1.0
sample17	low	Phocaeicola_dorei	GCA_025916455	C8	0.01551	0.3257	1.0
sample17	low	Porphyromonas_gingivalis	GCA_028335085	C18	0.06410	1.3460	1.0
sample17	low	Porphyromonas_gingivalis	GCA_023822465	C0	0.06533	1.3719	1.0
sample17	low	Prevotella_copri	GCA_025151535	C9	0.04273	0.8973	1.0
sample17	low	Prevotella_copri	GCA_019249765	C3	0.05781	1.2141	1.0
sample17	low	Salmonella_enterica	GCA_021474245	C8	0.01245	0.2614	1.0
sample17	low	Staphylococcus_aureus	GCA_045345275	C3	0.01039	0.2183	1.0
sample17	low	Staphylococcus_epidermidis	GCA_009685135	C2	0.00864	0.1815	1.0
sample17	low	Streptococcus_pneumoniae	GCA_055382695	C20	0.09131	1.9175	1.0
sample18	low	Akkermansia_muciniphila	GCA_018847495	C7	0.11582	1.9690	1.0
sample18	low	Akkermansia_muciniphila	GCA_010230725	C10	0.04917	0.8358	1.0
sample18	low	Clostridioides_difficile	GCA_049244735	C20	0.20052	3.4088	1.0
sample18	low	Cutibacterium_acnes	GCA_057457945	C3	0.04841	0.8230	1.0
sample18	low	Escherichia_coli	GCA_000010385	C2	0.01169	0.1987	1.0
sample18	low	Fusobacterium_nucleatum	GCA_037889315	C8	0.11134	1.8928	1.0
sample18	low	Klebsiella_pneumoniae	GCA_002202195	C3	0.00283	0.0481	1.0
sample18	low	Lactiplantibacillus_plantarum	GCA_010586945	C12	0.04925	0.8373	1.0
sample18	low	Mycobacterium_tuberculosis	GCA_000195955	C0	0.04780	0.8127	1.0
sample18	low	Phocaeicola_dorei	GCA_964264565	C9	0.08753	1.4879	1.0
sample18	low	Porphyromonas_gingivalis	GCA_002754155	C15	0.01097	0.1865	1.0
sample18	low	Prevotella_copri	GCA_054890165	C18	0.09825	1.6702	1.0
sample18	low	Salmonella_enterica	GCA_023330725	C8	0.01407	0.2392	1.0
sample18	low	Staphylococcus_aureus	GCA_057074205	C2	0.04174	0.7096	1.0
sample18	low	Staphylococcus_epidermidis	GCA_045937765	C3	0.05600	0.9520	1.0
sample18	low	Streptococcus_pneumoniae	GCA_038431575	C26	0.01699	0.2888	1.0
sample18	low	Streptococcus_pneumoniae	GCA_040687885	C29	0.03762	0.6396	1.0
sample19	low	Akkermansia_muciniphila	GCA_010223405	C7	0.01942	0.3884	1.0
sample19	low	Clostridioides_difficile	GCA_037915445	C16	0.07669	1.5338	1.0
sample19	low	Clostridioides_difficile	GCA_018884965	C5	0.22387	4.4775	1.0
sample19	low	Cutibacterium_acnes	GCA_056816635	C5	0.01393	0.2785	1.0
sample19	low	Escherichia_coli	GCA_002853715	C7	0.02131	0.4261	1.0
sample19	low	Fusobacterium_nucleatum	GCA_056333145	C0	0.03373	0.6747	1.0
sample19	low	Klebsiella_pneumoniae	GCA_052906805	C20	0.01734	0.3468	1.0
sample19	low	Lactiplantibacillus_plantarum	GCA_057815115	C36	0.01507	0.3014	1.0
sample19	low	Lactiplantibacillus_plantarum	GCA_057418965	C17	0.16794	3.3588	1.0
sample19	low	Mycobacterium_tuberculosis	GCA_002072775	C0	0.01196	0.2392	1.0
sample19	low	Mycobacterium_tuberculosis	GCA_040209215	C0	0.02596	0.5192	1.0
sample19	low	Phocaeicola_dorei	GCA_001274835	C2	0.08137	1.6275	1.0
sample19	low	Porphyromonas_gingivalis	GCA_030144345	C20	0.01433	0.2867	1.0
sample19	low	Prevotella_copri	GCA_051861815	C17	0.01600	0.3200	1.0
sample19	low	Salmonella_enterica	GCA_024364905	C8	0.01919	0.3838	1.0
sample19	low	Staphylococcus_aureus	GCA_057077355	C12	0.03363	0.6725	1.0
sample19	low	Staphylococcus_aureus	GCA_057077345	C12	0.15912	3.1825	1.0
sample19	low	Staphylococcus_epidermidis	GCA_045936855	C6	0.00928	0.1856	1.0
sample19	low	Staphylococcus_epidermidis	GCA_045942415	C6	0.01848	0.3696	1.0
sample19	low	Streptococcus_pneumoniae	GCA_002843545	C2	0.02137	0.4274	1.0
sample20	low	Akkermansia_muciniphila	GCA_010230935	C10	0.11308	2.4878	1.0
sample20	low	Akkermansia_muciniphila	GCA_018847155	C13	0.13713	3.0169	1.0
sample20	low	Clostridioides_difficile	GCA_037923795	C18	0.17312	3.8087	1.0
sample20	low	Cutibacterium_acnes	GCA_029338475	C3	0.00551	0.1212	1.0
sample20	low	Escherichia_coli	GCA_002853715	C7	0.01398	0.3077	1.0
sample20	low	Escherichia_coli	GCA_048571525	C8	0.01214	0.2671	1.0
sample20	low	Fusobacterium_nucleatum	GCA_037889175	C4	0.07003	1.5407	1.0
sample20	low	Klebsiella_pneumoniae	GCA_040047695	C16	0.04647	1.0223	1.0
sample20	low	Lactiplantibacillus_plantarum	GCA_039725565	C24	0.03935	0.8658	1.0
sample20	low	Mycobacterium_tuberculosis	GCA_002116835	C0	0.08557	1.8825	1.0
sample20	low	Phocaeicola_dorei	GCA_018292105	C7	0.04652	1.0235	1.0
sample20	low	Phocaeicola_dorei	GCA_001640865	C3	0.03167	0.6967	1.0
sample20	low	Porphyromonas_gingivalis	GCA_002754155	C15	0.02725	0.5994	1.0
sample20	low	Porphyromonas_gingivalis	GCA_002753955	C6	0.01034	0.2274	1.0
sample20	low	Prevotella_copri	GCA_019249855	C7	0.01471	0.3237	1.0
sample20	low	Salmonella_enterica	GCA_024364945	C5	0.01286	0.2830	1.0
sample20	low	Staphylococcus_aureus	GCA_002895385	C3	0.02526	0.5558	1.0
sample20	low	Staphylococcus_aureus	GCA_056820105	C3	0.02372	0.5219	1.0
sample20	low	Staphylococcus_epidermidis	GCA_900086615	C6	0.03281	0.7218	1.0
sample20	low	Staphylococcus_epidermidis	GCA_024204785	C4	0.04976	1.0947	1.0
sample20	low	Streptococcus_pneumoniae	GCA_055381835	C31	0.01307	0.2874	1.0
sample20	low	Streptococcus_pneumoniae	GCA_021398235	C8	0.01564	0.3441	1.0
sample01	med	Akkermansia_muciniphila	GCA_036796995	C21	0.46187	41.5683	5.0
sample01	med	Clostridioides_difficile	GCA_049201125	C3	0.02158	1.9418	5.0
sample01	med	Cutibacterium_acnes	GCA_029851525	C6	0.03011	2.7103	5.0
sample01	med	Escherichia_coli	GCA_048568925	C21	0.00656	0.5902	5.0
sample01	med	Escherichia_coli	GCA_053078305	C28	0.00343	0.3088	5.0
sample01	med	Fusobacterium_nucleatum	GCA_037889285	C7	0.00989	0.8902	5.0
sample01	med	Klebsiella_pneumoniae	GCA_011066505	C6	0.05270	4.7428	5.0
sample01	med	Lactiplantibacillus_plantarum	GCA_018351295	C12	0.02776	2.4984	5.0
sample01	med	Mycobacterium_tuberculosis	GCA_014900005	C0	0.01089	0.9802	5.0
sample01	med	Phocaeicola_dorei	GCA_001274835	C2	0.03217	2.8954	5.0
sample01	med	Phocaeicola_dorei	GCA_964264565	C9	0.01825	1.6426	5.0
sample01	med	Porphyromonas_gingivalis	GCA_002892575	C1	0.00993	0.8937	5.0
sample01	med	Prevotella_copri	GCA_019249765	C3	0.04652	4.1871	5.0
sample01	med	Salmonella_enterica	GCA_022533545	C9	0.01753	1.5776	5.0
sample01	med	Salmonella_enterica	GCA_020736345	C5	0.07499	6.7487	5.0
sample01	med	Staphylococcus_aureus	GCA_056820065	C3	0.01734	1.5607	5.0
sample01	med	Staphylococcus_epidermidis	GCA_045933105	C6	0.01566	1.4097	5.0
sample01	med	Streptococcus_pneumoniae	GCA_900476475	C33	0.14282	12.8534	5.0
sample02	med	Akkermansia_muciniphila	GCA_018847295	C15	0.01065	1.0120	5.0
sample02	med	Clostridioides_difficile	GCA_025135955	C6	0.02451	2.3281	5.0
sample02	med	Cutibacterium_acnes	GCA_052398825	C5	0.12597	11.9675	5.0
sample02	med	Cutibacterium_acnes	GCA_057198095	C3	0.12228	11.6170	5.0
sample02	med	Escherichia_coli	GCA_048571565	C9	0.08520	8.0940	5.0
sample02	med	Fusobacterium_nucleatum	GCA_037889375	C10	0.08129	7.7230	5.0
sample02	med	Klebsiella_pneumoniae	GCA_058145635	C26	0.13335	12.6680	5.0
sample02	med	Lactiplantibacillus_plantarum	GCA_002220175	C3	0.06209	5.8989	5.0
sample02	med	Lactiplantibacillus_plantarum	GCA_028869445	C20	0.02844	2.7022	5.0
sample02	med	Mycobacterium_tuberculosis	GCA_000195955	C0	0.06550	6.2221	5.0
sample02	med	Mycobacterium_tuberculosis	GCA_040208995	C0	0.01985	1.8853	5.0
sample02	med	Phocaeicola_dorei	GCA_964264565	C9	0.01141	1.0844	5.0
sample02	med	Porphyromonas_gingivalis	GCA_030252365	C20	0.02124	2.0175	5.0
sample02	med	Prevotella_copri	GCA_019249755	C2	0.01812	1.7210	5.0
sample02	med	Salmonella_enterica	GCA_055901005	C16	0.02021	1.9203	5.0
sample02	med	Staphylococcus_aureus	GCA_045679535	C3	0.04878	4.6338	5.0
sample02	med	Staphylococcus_aureus	GCA_001641025	C3	0.02957	2.8087	5.0
sample02	med	Staphylococcus_epidermidis	GCA_045939605	C6	0.05295	5.0298	5.0
sample02	med	Streptococcus_pneumoniae	GCA_033096065	C15	0.03859	3.6665	5.0
sample03	med	Akkermansia_muciniphila	GCA_017570485	C12	0.18287	20.1159	5.0
sample03	med	Clostridioides_difficile	GCA_018885065	C12	0.05178	5.6963	5.0
sample03	med	Clostridioides_difficile	GCA_049201135	C3	0.04064	4.4704	5.0
sample03	med	Cutibacterium_acnes	GCA_057457935	C3	0.05121	5.6326	5.0
sample03	med	Cutibacterium_acnes	GCA_029851625	C7	0.01395	1.5347	5.0
sample03	med	Escherichia_coli	GCA_055379255	C29	0.00162	0.1785	5.0
sample03	med	Escherichia_coli	GCA_048571425	C8	0.02093	2.3024	5.0
sample03	med	Fusobacterium_nucleatum	GCA_037889375	C10	0.00813	0.8942	5.0
sample03	med	Klebsiella_pneumoniae	GCA_023913575	C11	0.03664	4.0305	5.0
sample03	med	Lactiplantibacillus_plantarum	GCA_010586945	C12	0.00556	0.6116	5.0
sample03	med	Lactiplantibacillus_plantarum	GCA_001672035	C0	0.00980	1.0777	5.0
sample03	med	Mycobacterium_tuberculosis	GCA_014900135	C0	0.10333	11.3667	5.0
sample03	med	Phocaeicola_dorei	GCA_013010255	C6	0.22336	24.5697	5.0
sample03	med	Phocaeicola_dorei	GCA_902387545	C2	0.00992	1.0909	5.0
sample03	med	Porphyromonas_gingivalis	GCA_001274615	C4	0.01733	1.9059	5.0
sample03	med	Porphyromonas_gingivalis	GCA_057218275	C26	0.01820	2.0021	5.0
sample03	med	Prevotella_copri	GCA_019249825	C6	0.01696	1.8659	5.0
sample03	med	Salmonella_enterica	GCA_028551175	C10	0.01204	1.3245	5.0
sample03	med	Staphylococcus_aureus	GCA_045679535	C3	0.00828	0.9110	5.0
sample03	med	Staphylococcus_epidermidis	GCA_006742205	C1	0.01652	1.8168	5.0
sample03	med	Staphylococcus_epidermidis	GCA_045786335	C6	0.08398	9.2374	5.0
sample03	med	Streptococcus_pneumoniae	GCA_900476505	C34	0.06695	7.3645	5.0
sample04	med	Akkermansia_muciniphila	GCA_010230155	C9	0.09320	9.3196	5.0
sample04	med	Clostridioides_difficile	GCA_025135955	C6	0.02318	2.3180	5.0
sample04	med	Cutibacterium_acnes	GCA_052398825	C5	0.19832	19.8324	5.0
sample04	med	Escherichia_coli	GCA_048571635	C24	0.00727	0.7269	5.0
sample04	med	Escherichia_coli	GCA_000010385	C2	0.02577	2.5775	5.0
sample04	med	Fusobacterium_nucleatum	GCA_037889285	C7	0.02665	2.6646	5.0
sample04	med	Fusobacterium_nucleatum	GCA_037955445	C16	0.01775	1.7747	5.0
sample04	med	Klebsiella_pneumoniae	GCA_058145555	C26	0.03952	3.9524	5.0
sample04	med	Lactiplantibacillus_plantarum	GCA_049477935	C29	0.04373	4.3727	5.0
sample04	med	Mycobacterium_tuberculosis	GCA_033125685	C0	0.04547	4.5466	5.0
sample04	med	Mycobacterium_tuberculosis	GCA_001708265	C0	0.02906	2.9056	5.0
sample04	med	Phocaeicola_dorei	GCA_013009875	C5	0.17366	17.3658	5.0
sample04	med	Porphyromonas_gingivalis	GCA_002754155	C15	0.00458	0.4583	5.0
sample04	med	Porphyromonas_gingivalis	GCA_001263815	C3	0.00448	0.4481	5.0
sample04	med	Prevotella_copri	GCA_032452275	C12	0.05229	5.2295	5.0
sample04	med	Salmonella_enterica	GCA_001558355	C0	0.03095	3.0953	5.0
sample04	med	Salmonella_enterica	GCA_056590175	C5	0.02020	2.0200	5.0
sample04	med	Staphylococcus_aureus	GCA_044789125	C8	0.00713	0.7133	5.0
sample04	med	Staphylococcus_epidermidis	GCA_045939955	C6	0.07232	7.2317	5.0
sample04	med	Streptococcus_pneumoniae	GCA_057914855	C32	0.08447	8.4473	5.0
sample05	med	Akkermansia_muciniphila	GCA_018847475	C7	0.11176	10.6168	5.0
sample05	med	Akkermansia_muciniphila	GCA_017570425	C12	0.01053	1.0006	5.0
sample05	med	Clostridioides_difficile	GCA_052442795	C22	0.05254	4.9912	5.0
sample05	med	Clostridioides_difficile	GCA_963426535	C26	0.13496	12.8207	5.0
sample05	med	Cutibacterium_acnes	GCA_057584875	C3	0.11059	10.5056	5.0
sample05	med	Escherichia_coli	GCA_048569005	C8	0.01053	1.0005	5.0
sample05	med	Fusobacterium_nucleatum	GCA_050233295	C3	0.01240	1.1777	5.0
sample05	med	Klebsiella_pneumoniae	GCA_000240185	C0	0.00603	0.5726	5.0
sample05	med	Lactiplantibacillus_plantarum	GCA_028869445	C20	0.15425	14.6537	5.0
sample05	med	Mycobacterium_tuberculosis	GCA_014900005	C0	0.05164	4.9057	5.0
sample05	med	Mycobacterium_tuberculosis	GCA_014900235	C0	0.13310	12.6445	5.0
sample05	med	Phocaeicola_dorei	GCA_964264565	C9	0.02692	2.5575	5.0
sample05	med	Porphyromonas_gingivalis	GCA_002892575	C1	0.01358	1.2900	5.0
sample05	med	Prevotella_copri	GCA_020735445	C8	0.01661	1.5777	5.0
sample05	med	Salmonella_enterica	GCA_001558355	C0	0.03180	3.0207	5.0
sample05	med	Staphylococcus_aureus	GCA_045345275	C3	0.03442	3.2697	5.0
sample05	med	Staphylococcus_epidermidis	GCA_031326165	C5	0.06160	5.8517	5.0
sample05	med	Staphylococcus_epidermidis	GCA_900086615	C6	0.01417	1.3462	5.0
sample05	med	Streptococcus_pneumoniae	GCA_900476475	C33	0.01260	1.1968	5.0
sample06	med	Akkermansia_muciniphila	GCA_010231195	C10	0.01381	1.4504	5.0
sample06	med	Clostridioides_difficile	GCA_001077535	C1	0.09281	9.7454	5.0
sample06	med	Cutibacterium_acnes	GCA_030295305	C5	0.05383	5.6522	5.0
sample06	med	Cutibacterium_acnes	GCA_057457945	C3	0.02413	2.5336	5.0
sample06	med	Escherichia_coli	GCA_027925765	C8	0.02921	3.0673	5.0
sample06	med	Fusobacterium_nucleatum	GCA_037952305	C14	0.02378	2.4970	5.0
sample06	med	Fusobacterium_nucleatum	GCA_037889375	C10	0.02296	2.4105	5.0
sample06	med	Klebsiella_pneumoniae	GCA_002202195	C3	0.06017	6.3176	5.0
sample06	med	Lactiplantibacillus_plantarum	GCA_041531555	C25	0.01534	1.6102	5.0
sample06	med	Mycobacterium_tuberculosis	GCA_040209325	C0	0.01374	1.4427	5.0
sample06	med	Mycobacterium_tuberculosis	GCA_014900135	C0	0.09737	10.2240	5.0
sample06	med	Phocaeicola_dorei	GCA_013010095	C5	0.17128	17.9840	5.0
sample06	med	Phocaeicola_dorei	GCA_001640865	C3	0.01743	1.8306	5.0
sample06	med	Porphyromonas_gingivalis	GCA_023822445	C0	0.08871	9.3147	5.0
sample06	med	Prevotella_copri	GCA_051861815	C17	0.00909	0.9548	5.0
sample06	med	Salmonella_enterica	GCA_041080895	C0	0.01422	1.4936	5.0
sample06	med	Staphylococcus_aureus	GCA_045679535	C3	0.05952	6.2493	5.0
sample06	med	Staphylococcus_epidermidis	GCA_045786335	C6	0.04798	5.0374	5.0
sample06	med	Staphylococcus_epidermidis	GCA_900086615	C6	0.01754	1.8421	5.0
sample06	med	Streptococcus_pneumoniae	GCA_040687885	C29	0.11527	12.1035	5.0
sample06	med	Streptococcus_pneumoniae	GCA_900476475	C33	0.01180	1.2390	5.0
sample07	med	Akkermansia_muciniphila	GCA_014170075	C11	0.12892	11.6032	5.0
sample07	med	Clostridioides_difficile	GCA_052442795	C22	0.04820	4.3378	5.0
sample07	med	Clostridioides_difficile	GCA_951803555	C25	0.04122	3.7097	5.0
sample07	med	Cutibacterium_acnes	GCA_056816635	C5	0.01331	1.1982	5.0
sample07	med	Cutibacterium_acnes	GCA_021010665	C0	0.00805	0.7242	5.0
sample07	med	Escherichia_coli	GCA_048571425	C8	0.02205	1.9843	5.0
sample07	med	Fusobacterium_nucleatum	GCA_037889385	C11	0.08297	7.4671	5.0
sample07	med	Klebsiella_pneumoniae	GCA_053128315	C21	0.02729	2.4560	5.0
sample07	med	Lactiplantibacillus_plantarum	GCA_055234055	C31	0.04515	4.0639	5.0
sample07	med	Mycobacterium_tuberculosis	GCA_017901095	C0	0.00182	0.1640	5.0
sample07	med	Phocaeicola_dorei	GCA_000738045	C0	0.09506	8.5553	5.0
sample07	med	Porphyromonas_gingivalis	GCA_023822465	C0	0.03726	3.3530	5.0
sample07	med	Prevotella_copri	GCA_019249805	C5	0.02221	1.9991	5.0
sample07	med	Prevotella_copri	GCA_032452555	C13	0.08648	7.7835	5.0
sample07	med	Salmonella_enterica	GCA_058447825	C5	0.21249	19.1238	5.0
sample07	med	Staphylococcus_aureus	GCA_001515745	C2	0.02370	2.1333	5.0
sample07	med	Staphylococcus_epidermidis	GCA_045938865	C6	0.03793	3.4140	5.0
sample07	med	Streptococcus_pneumoniae	GCA_021398235	C8	0.06588	5.9294	5.0
sample08	med	Akkermansia_muciniphila	GCA_008000975	C0	0.04769	5.4846	5.0
sample08	med	Akkermansia_muciniphila	GCA_017504145	C0	0.11671	13.4220	5.0
sample08	med	Clostridioides_difficile	GCA_003313565	C5	0.03169	3.6439	5.0
sample08	med	Cutibacterium_acnes	GCA_003030305	C3	0.03743	4.3048	5.0
sample08	med	Escherichia_coli	GCA_053078305	C28	0.07816	8.9883	5.0
sample08	med	Escherichia_coli	GCA_000210475	C5	0.01787	2.0550	5.0
sample08	med	Fusobacterium_nucleatum	GCA_028621975	C1	0.02642	3.0386	5.0
sample08	med	Klebsiella_pneumoniae	GCA_019823935	C6	0.01552	1.7851	5.0
sample08	med	Klebsiella_pneumoniae	GCA_022699345	C10	0.01636	1.8813	5.0
sample08	med	Lactiplantibacillus_plantarum	GCA_057418965	C17	0.02954	3.3969	5.0
sample08	med	Mycobacterium_tuberculosis	GCA_014900215	C0	0.00423	0.4869	5.0
sample08	med	Phocaeicola_dorei	GCA_013010095	C5	0.02387	2.7445	5.0
sample08	med	Phocaeicola_dorei	GCA_013009675	C5	0.09958	11.4513	5.0
sample08	med	Porphyromonas_gingivalis	GCA_002754075	C11	0.01757	2.0211	5.0
sample08	med	Porphyromonas_gingivalis	GCA_057218315	C26	0.07202	8.2829	5.0
sample08	med	Prevotella_copri	GCA_032452695	C14	0.02964	3.4083	5.0
sample08	med	Prevotella_copri	GCA_020735445	C8	0.02407	2.7677	5.0
sample08	med	Salmonella_enterica	GCA_041927295	C5	0.07747	8.9096	5.0
sample08	med	Staphylococcus_aureus	GCA_037039295	C6	0.05797	6.6663	5.0
sample08	med	Staphylococcus_aureus	GCA_049314975	C11	0.05259	6.0478	5.0
sample08	med	Staphylococcus_epidermidis	GCA_045940975	C6	0.00955	1.0980	5.0
sample08	med	Streptococcus_pneumoniae	GCA_033096225	C19	0.02453	2.8206	5.0
sample08	med	Streptococcus_pneumoniae	GCA_033145555	C21	0.08952	10.2945	5.0
sample09	med	Akkermansia_muciniphila	GCA_018847455	C7	0.01566	1.3315	5.0
sample09	med	Clostridioides_difficile	GCA_001077535	C1	0.03886	3.3035	5.0
sample09	med	Cutibacterium_acnes	GCA_029338475	C3	0.06697	5.6921	5.0
sample09	med	Escherichia_coli	GCA_048571565	C9	0.08091	6.8773	5.0
sample09	med	Fusobacterium_nucleatum	GCA_037889285	C7	0.02005	1.7043	5.0
sample09	med	Klebsiella_pneumoniae	GCA_024346895	C6	0.07634	6.4890	5.0
sample09	med	Klebsiella_pneumoniae	GCA_011066505	C6	0.04646	3.9488	5.0
sample09	med	Lactiplantibacillus_plantarum	GCA_003345375	C7	0.14497	12.3224	5.0
sample09	med	Mycobacterium_tuberculosis	GCA_014899965	C0	0.09847	8.3700	5.0
sample09	med	Phocaeicola_dorei	GCA_013009675	C5	0.10236	8.7009	5.0
sample09	med	Porphyromonas_gingivalis	GCA_002754035	C9	0.02159	1.8351	5.0
sample09	med	Prevotella_copri	GCA_019249805	C5	0.00436	0.3703	5.0
sample09	med	Salmonella_enterica	GCA_050516495	C15	0.15500	13.1746	5.0
sample09	med	Staphylococcus_aureus	GCA_001641045	C3	0.05661	4.8115	5.0
sample09	med	Staphylococcus_epidermidis	GCA_045939555	C6	0.02485	2.1119	5.0
sample09	med	Streptococcus_pneumoniae	GCA_021398265	C8	0.01208	1.0264	5.0
sample09	med	Streptococcus_pneumoniae	GCA_033096165	C17	0.03448	2.9304	5.0
sample10	med	Akkermansia_muciniphila	GCA_004319565	C4	0.02340	2.4573	5.0
sample10	med	Clostridioides_difficile	GCA_052441905	C7	0.06176	6.4851	5.0
sample10	med	Cutibacterium_acnes	GCA_057457935	C3	0.00527	0.5538	5.0
sample10	med	Escherichia_coli	GCA_000005845	C0	0.02999	3.1488	5.0
sample10	med	Escherichia_coli	GCA_000008865	C1	0.01599	1.6790	5.0
sample10	med	Fusobacterium_nucleatum	GCA_037889235	C5	0.36837	38.6789	5.0
sample10	med	Fusobacterium_nucleatum	GCA_902381645	C18	0.06643	6.9756	5.0
sample10	med	Klebsiella_pneumoniae	GCA_030845935	C15	0.05977	6.2763	5.0
sample10	med	Lactiplantibacillus_plantarum	GCA_058135485	C38	0.00569	0.5973	5.0
sample10	med	Lactiplantibacillus_plantarum	GCA_049241955	C28	0.05950	6.2478	5.0
sample10	med	Mycobacterium_tuberculosis	GCA_002116775	C0	0.02112	2.2181	5.0
sample10	med	Phocaeicola_dorei	GCA_001274835	C2	0.01051	1.1032	5.0
sample10	med	Phocaeicola_dorei	GCA_013010095	C5	0.05593	5.8729	5.0
sample10	med	Porphyromonas_gingivalis	GCA_001263815	C3	0.02023	2.1238	5.0
sample10	med	Prevotella_copri	GCA_054890165	C18	0.07574	7.9528	5.0
sample10	med	Salmonella_enterica	GCA_024364945	C5	0.00800	0.8396	5.0
sample10	med	Staphylococcus_aureus	GCA_026625365	C3	0.01680	1.7641	5.0
sample10	med	Staphylococcus_aureus	GCA_002895385	C3	0.02706	2.8418	5.0
sample10	med	Staphylococcus_epidermidis	GCA_019330225	C3	0.02101	2.2066	5.0
sample10	med	Streptococcus_pneumoniae	GCA_033096165	C17	0.04277	4.4912	5.0
sample10	med	Streptococcus_pneumoniae	GCA_001457635	C0	0.00463	0.4861	5.0
sample11	med	Akkermansia_muciniphila	GCA_010223115	C6	0.00701	0.7010	5.0
sample11	med	Akkermansia_muciniphila	GCA_018847515	C7	0.42336	42.3359	5.0
sample11	med	Clostridioides_difficile	GCA_003482345	C7	0.01950	1.9504	5.0
sample11	med	Clostridioides_difficile	GCA_002080065	C0	0.12191	12.1909	5.0
sample11	med	Cutibacterium_acnes	GCA_057584875	C3	0.00596	0.5961	5.0
sample11	med	Cutibacterium_acnes	GCA_029851625	C7	0.03005	3.0054	5.0
sample11	med	Escherichia_coli	GCA_048568965	C22	0.04351	4.3507	5.0
sample11	med	Escherichia_coli	GCA_048571415	C8	0.00548	0.5481	5.0
sample11	med	Fusobacterium_nucleatum	GCA_037889235	C5	0.04286	4.2855	5.0
sample11	med	Klebsiella_pneumoniae	GCA_019823915	C6	0.00831	0.8312	5.0
sample11	med	Lactiplantibacillus_plantarum	GCA_001672035	C0	0.00957	0.9570	5.0
sample11	med	Mycobacterium_tuberculosis	GCA_014899965	C0	0.01145	1.1451	5.0
sample11	med	Phocaeicola_dorei	GCA_000738045	C0	0.06368	6.3675	5.0
sample11	med	Porphyromonas_gingivalis	GCA_030440495	C21	0.02023	2.0232	5.0
sample11	med	Porphyromonas_gingivalis	GCA_055523465	C25	0.01923	1.9233	5.0
sample11	med	Prevotella_copri	GCA_019249825	C6	0.01811	1.8115	5.0
sample11	med	Salmonella_enterica	GCA_014334155	C0	0.03392	3.3924	5.0
sample11	med	Staphylococcus_aureus	GCA_054906605	C3	0.03487	3.4869	5.0
sample11	med	Staphylococcus_epidermidis	GCA_019329605	C3	0.02241	2.2412	5.0
sample11	med	Streptococcus_pneumoniae	GCA_900476505	C34	0.05857	5.8567	5.0
sample12	med	Akkermansia_muciniphila	GCA_028743255	C18	0.05726	5.1535	5.0
sample12	med	Clostridioides_difficile	GCA_003095675	C2	0.02353	2.1177	5.0
sample12	med	Cutibacterium_acnes	GCA_058180565	C3	0.10066	9.0592	5.0
sample12	med	Escherichia_coli	GCA_032382315	C18	0.04635	4.1711	5.0
sample12	med	Fusobacterium_nucleatum	GCA_037955445	C16	0.07955	7.1593	5.0
sample12	med	Fusobacterium_nucleatum	GCA_037889385	C11	0.00328	0.2952	5.0
sample12	med	Klebsiella_pneumoniae	GCA_057220915	C24	0.09123	8.2107	5.0
sample12	med	Lactiplantibacillus_plantarum	GCA_030297695	C22	0.01326	1.1931	5.0
sample12	med	Mycobacterium_tuberculosis	GCA_033125685	C0	0.02703	2.4323	5.0
sample12	med	Phocaeicola_dorei	GCA_013010095	C5	0.00432	0.3887	5.0
sample12	med	Porphyromonas_gingivalis	GCA_002754075	C11	0.07259	6.5331	5.0
sample12	med	Prevotella_copri	GCA_032452275	C12	0.06599	5.9390	5.0
sample12	med	Salmonella_enterica	GCA_021474285	C8	0.07293	6.5638	5.0
sample12	med	Staphylococcus_aureus	GCA_037039325	C3	0.03525	3.1726	5.0
sample12	med	Staphylococcus_aureus	GCA_050881725	C3	0.07298	6.5685	5.0
sample12	med	Staphylococcus_epidermidis	GCA_045939955	C6	0.16228	14.6048	5.0
sample12	med	Streptococcus_pneumoniae	GCA_052566715	C2	0.04196	3.7760	5.0
sample12	med	Streptococcus_pneumoniae	GCA_040687875	C28	0.02957	2.6615	5.0
sample13	med	Akkermansia_muciniphila	GCA_010231195	C10	0.09235	8.7729	5.0
sample13	med	Clostridioides_difficile	GCA_019095765	C3	0.02874	2.7304	5.0
sample13	med	Cutibacterium_acnes	GCA_057584595	C3	0.01996	1.8959	5.0
sample13	med	Escherichia_coli	GCA_048568975	C23	0.02648	2.5152	5.0
sample13	med	Fusobacterium_nucleatum	GCA_056333145	C0	0.16177	15.3682	5.0
sample13	med	Fusobacterium_nucleatum	GCA_037890135	C12	0.02572	2.4431	5.0
sample13	med	Klebsiella_pneumoniae	GCA_057812305	C6	0.03502	3.3270	5.0
sample13	med	Lactiplantibacillus_plantarum	GCA_001704335	C1	0.01263	1.2003	5.0
sample13	med	Lactiplantibacillus_plantarum	GCA_002290185	C4	0.01257	1.1943	5.0
sample13	med	Mycobacterium_tuberculosis	GCA_965124815	C0	0.02491	2.3664	5.0
sample13	med	Mycobacterium_tuberculosis	GCA_021559895	C0	0.01293	1.2285	5.0
sample13	med	Phocaeicola_dorei	GCA_000738065	C1	0.02020	1.9186	5.0
sample13	med	Porphyromonas_gingivalis	GCA_002754075	C11	0.08854	8.4110	5.0
sample13	med	Porphyromonas_gingivalis	GCA_002754015	C8	0.33091	31.4368	5.0
sample13	med	Prevotella_copri	GCA_015074785	C0	0.01099	1.0442	5.0
sample13	med	Salmonella_enterica	GCA_057836765	C5	0.03945	3.7479	5.0
sample13	med	Staphylococcus_aureus	GCA_026167765	C1	0.01143	1.0856	5.0
sample13	med	Staphylococcus_epidermidis	GCA_019329665	C3	0.02572	2.4433	5.0
sample13	med	Streptococcus_pneumoniae	GCA_057914855	C32	0.01969	1.8701	5.0
sample14	med	Akkermansia_muciniphila	GCA_018847335	C15	0.01275	1.2114	5.0
sample14	med	Clostridioides_difficile	GCA_037934445	C18	0.07117	6.7614	5.0
sample14	med	Cutibacterium_acnes	GCA_057584875	C3	0.00840	0.7981	5.0
sample14	med	Escherichia_coli	GCA_027925805	C8	0.00656	0.6229	5.0
sample14	med	Fusobacterium_nucleatum	GCA_037889175	C4	0.29556	28.0786	5.0
sample14	med	Fusobacterium_nucleatum	GCA_037951365	C13	0.03031	2.8791	5.0
sample14	med	Klebsiella_pneumoniae	GCA_024496165	C12	0.06217	5.9061	5.0
sample14	med	Lactiplantibacillus_plantarum	GCA_001672035	C0	0.02341	2.2242	5.0
sample14	med	Mycobacterium_tuberculosis	GCA_033125685	C0	0.07347	6.9796	5.0
sample14	med	Phocaeicola_dorei	GCA_018292105	C7	0.00637	0.6054	5.0
sample14	med	Porphyromonas_gingivalis	GCA_002754135	C14	0.02521	2.3947	5.0
sample14	med	Prevotella_copri	GCA_025151535	C9	0.05095	4.8403	5.0
sample14	med	Prevotella_copri	GCA_015074785	C0	0.08314	7.8988	5.0
sample14	med	Salmonella_enterica	GCA_009729915	C4	0.03003	2.8524	5.0
sample14	med	Salmonella_enterica	GCA_022870685	C8	0.02292	2.1771	5.0
sample14	med	Staphylococcus_aureus	GCA_026625225	C3	0.08152	7.7443	5.0
sample14	med	Staphylococcus_epidermidis	GCA_019329745	C3	0.01454	1.3815	5.0
sample14	med	Streptococcus_pneumoniae	GCA_900476505	C34	0.06543	6.2162	5.0
sample14	med	Streptococcus_pneumoniae	GCA_033096145	C16	0.03608	3.4279	5.0
sample15	med	Akkermansia_muciniphila	GCA_018847355	C16	0.03349	3.0143	5.0
sample15	med	Akkermansia_muciniphila	GCA_058322775	C23	0.01636	1.4728	5.0
sample15	med	Clostridioides_difficile	GCA_019095765	C3	0.08731	7.8575	5.0
sample15	med	Cutibacterium_acnes	GCA_058179315	C3	0.11363	10.2267	5.0
sample15	med	Escherichia_coli	GCA_001721125	C6	0.07054	6.3485	5.0
sample15	med	Fusobacterium_nucleatum	GCA_902381645	C18	0.02034	1.8305	5.0
sample15	med	Klebsiella_pneumoniae	GCA_002156725	C1	0.04341	3.9067	5.0
sample15	med	Lactiplantibacillus_plantarum	GCA_057785035	C34	0.03441	3.0970	5.0
sample15	med	Mycobacterium_tuberculosis	GCA_040209215	C0	0.03857	3.4712	5.0
sample15	med	Phocaeicola_dorei	GCA_013009875	C5	0.02282	2.0534	5.0
sample15	med	Phocaeicola_dorei	GCA_025916455	C8	0.07395	6.6551	5.0
sample15	med	Porphyromonas_gingivalis	GCA_002754115	C13	0.20954	18.8589	5.0
sample15	med	Prevotella_copri	GCA_051861815	C17	0.01705	1.5343	5.0
sample15	med	Salmonella_enterica	GCA_041080895	C0	0.01778	1.6003	5.0
sample15	med	Staphylococcus_aureus	GCA_001515685	C2	0.04339	3.9047	5.0
sample15	med	Staphylococcus_epidermidis	GCA_009685135	C2	0.10434	9.3902	5.0
sample15	med	Staphylococcus_epidermidis	GCA_019787665	C3	0.03689	3.3199	5.0
sample15	med	Streptococcus_pneumoniae	GCA_038431575	C26	0.01620	1.4581	5.0
sample16	med	Akkermansia_muciniphila	GCA_014170075	C11	0.01375	1.3065	5.0
sample16	med	Clostridioides_difficile	GCA_057587615	C24	0.02022	1.9212	5.0
sample16	med	Cutibacterium_acnes	GCA_057584595	C3	0.08296	7.8814	5.0
sample16	med	Escherichia_coli	GCA_048571425	C8	0.08370	7.9518	5.0
sample16	med	Escherichia_coli	GCA_048568955	C22	0.08845	8.4029	5.0
sample16	med	Fusobacterium_nucleatum	GCA_037889325	C9	0.12716	12.0800	5.0
sample16	med	Klebsiella_pneumoniae	GCA_058145635	C26	0.00370	0.3512	5.0
sample16	med	Lactiplantibacillus_plantarum	GCA_002868775	C6	0.01562	1.4835	5.0
sample16	med	Mycobacterium_tuberculosis	GCA_000277735	C0	0.05433	5.1616	5.0
sample16	med	Mycobacterium_tuberculosis	GCA_963525475	C0	0.03782	3.5930	5.0
sample16	med	Phocaeicola_dorei	GCA_013010365	C6	0.03453	3.2805	5.0
sample16	med	Phocaeicola_dorei	GCA_013009555	C4	0.07467	7.0938	5.0
sample16	med	Porphyromonas_gingivalis	GCA_030440495	C21	0.02057	1.9541	5.0
sample16	med	Prevotella_copri	GCA_032450655	C10	0.01401	1.3307	5.0
sample16	med	Salmonella_enterica	GCA_000007545	C1	0.03763	3.5750	5.0
sample16	med	Staphylococcus_aureus	GCA_057077355	C12	0.02390	2.2702	5.0
sample16	med	Staphylococcus_epidermidis	GCA_019330225	C3	0.03795	3.6051	5.0
sample16	med	Staphylococcus_epidermidis	GCA_019330165	C3	0.02262	2.1492	5.0
sample16	med	Streptococcus_pneumoniae	GCA_033096065	C15	0.20640	19.6082	5.0
sample17	med	Akkermansia_muciniphila	GCA_018847495	C7	0.04589	4.1299	5.0
sample17	med	Akkermansia_muciniphila	GCA_033947425	C19	0.04700	4.2301	5.0
sample17	med	Clostridioides_difficile	GCA_000953275	C0	0.07981	7.1830	5.0
sample17	med	Cutibacterium_acnes	GCA_056816635	C5	0.04109	3.6981	5.0
sample17	med	Escherichia_coli	GCA_014058445	C11	0.00623	0.5604	5.0
sample17	med	Fusobacterium_nucleatum	GCA_037889125	C3	0.00210	0.1890	5.0
sample17	med	Klebsiella_pneumoniae	GCA_027595645	C1	0.08091	7.2815	5.0
sample17	med	Lactiplantibacillus_plantarum	GCA_004103495	C8	0.09065	8.1581	5.0
sample17	med	Mycobacterium_tuberculosis	GCA_033124885	C0	0.10618	9.5561	5.0
sample17	med	Phocaeicola_dorei	GCA_000738065	C1	0.03228	2.9054	5.0
sample17	med	Porphyromonas_gingivalis	GCA_002753955	C6	0.07026	6.3237	5.0
sample17	med	Prevotella_copri	GCA_019249755	C2	0.04044	3.6395	5.0
sample17	med	Salmonella_enterica	GCA_023330845	C8	0.06868	6.1813	5.0
sample17	med	Salmonella_enterica	GCA_049544835	C8	0.06441	5.7971	5.0
sample17	med	Staphylococcus_aureus	GCA_000013425	C0	0.08444	7.5992	5.0
sample17	med	Staphylococcus_epidermidis	GCA_019330145	C3	0.03394	3.0543	5.0
sample17	med	Staphylococcus_epidermidis	GCA_045928505	C7	0.09434	8.4904	5.0
sample17	med	Streptococcus_pneumoniae	GCA_038431755	C27	0.01136	1.0228	5.0
sample18	med	Akkermansia_muciniphila	GCA_010230155	C9	0.01026	1.0261	5.0
sample18	med	Clostridioides_difficile	GCA_022845595	C14	0.02288	2.2879	5.0
sample18	med	Clostridioides_difficile	GCA_037915445	C16	0.04218	4.2177	5.0
sample18	med	Cutibacterium_acnes	GCA_030166635	C1	0.00887	0.8872	5.0
sample18	med	Escherichia_coli	GCA_048571605	C6	0.16825	16.8249	5.0
sample18	med	Fusobacterium_nucleatum	GCA_031191795	C0	0.00396	0.3959	5.0
sample18	med	Fusobacterium_nucleatum	GCA_050233295	C3	0.00956	0.9561	5.0
sample18	med	Klebsiella_pneumoniae	GCA_963854595	C27	0.22152	22.1523	5.0
sample18	med	Lactiplantibacillus_plantarum	GCA_044590115	C26	0.01670	1.6703	5.0
sample18	med	Mycobacterium_tuberculosis	GCA_002116835	C0	0.02532	2.5320	5.0
sample18	med	Phocaeicola_dorei	GCA_000738065	C1	0.02310	2.3103	5.0
sample18	med	Phocaeicola_dorei	GCA_025146415	C4	0.01650	1.6504	5.0
sample18	med	Porphyromonas_gingivalis	GCA_030440475	C21	0.01132	1.1322	5.0
sample18	med	Porphyromonas_gingivalis	GCA_000007585	C0	0.00551	0.5512	5.0
sample18	med	Prevotella_copri	GCA_051861795	C15	0.18045	18.0454	5.0
sample18	med	Salmonella_enterica	GCA_015565735	C7	0.02917	2.9168	5.0
sample18	med	Staphylococcus_aureus	GCA_900607265	C3	0.16745	16.7451	5.0
sample18	med	Staphylococcus_aureus	GCA_045679535	C3	0.01512	1.5119	5.0
sample18	med	Staphylococcus_epidermidis	GCA_019329645	C3	0.01566	1.5657	5.0
sample18	med	Streptococcus_pneumoniae	GCA_003351705	C4	0.00621	0.6206	5.0
sample19	med	Akkermansia_muciniphila	GCA_018847175	C13	0.10048	9.5458	5.0
sample19	med	Akkermansia_muciniphila	GCA_010230155	C9	0.03431	3.2594	5.0
sample19	med	Clostridioides_difficile	GCA_003482345	C7	0.17165	16.3064	5.0
sample19	med	Cutibacterium_acnes	GCA_029851625	C7	0.05692	5.4070	5.0
sample19	med	Escherichia_coli	GCA_048571305	C8	0.00864	0.8212	5.0
sample19	med	Escherichia_coli	GCA_048571825	C8	0.01000	0.9501	5.0
sample19	med	Fusobacterium_nucleatum	GCA_037890135	C12	0.02054	1.9513	5.0
sample19	med	Klebsiella_pneumoniae	GCA_048961785	C19	0.09621	9.1401	5.0
sample19	med	Lactiplantibacillus_plantarum	GCA_028869445	C20	0.00893	0.8479	5.0
sample19	med	Mycobacterium_tuberculosis	GCA_014899965	C0	0.05408	5.1377	5.0
sample19	med	Phocaeicola_dorei	GCA_013010255	C6	0.03451	3.2788	5.0
sample19	med	Porphyromonas_gingivalis	GCA_000270225	C2	0.01843	1.7507	5.0
sample19	med	Porphyromonas_gingivalis	GCA_028335085	C18	0.04377	4.1579	5.0
sample19	med	Prevotella_copri	GCA_019249805	C5	0.01550	1.4724	5.0
sample19	med	Salmonella_enterica	GCA_024364925	C5	0.01989	1.8899	5.0
sample19	med	Salmonella_enterica	GCA_015565735	C7	0.15614	14.8329	5.0
sample19	med	Staphylococcus_aureus	GCA_045862735	C3	0.01441	1.3689	5.0
sample19	med	Staphylococcus_epidermidis	GCA_045942415	C6	0.12929	12.2829	5.0
sample19	med	Streptococcus_pneumoniae	GCA_033096165	C17	0.00630	0.5988	5.0
sample20	med	Akkermansia_muciniphila	GCA_018847395	C16	0.02947	2.6527	5.0
sample20	med	Clostridioides_difficile	GCA_037915445	C16	0.00663	0.5966	5.0
sample20	med	Cutibacterium_acnes	GCA_004136195	C3	0.01713	1.5417	5.0
sample20	med	Escherichia_coli	GCA_048571565	C9	0.03756	3.3802	5.0
sample20	med	Escherichia_coli	GCA_032382315	C18	0.01736	1.5622	5.0
sample20	med	Fusobacterium_nucleatum	GCA_037889325	C9	0.00816	0.7340	5.0
sample20	med	Fusobacterium_nucleatum	GCA_037889255	C6	0.11557	10.4015	5.0
sample20	med	Klebsiella_pneumoniae	GCA_058145635	C26	0.00817	0.7354	5.0
sample20	med	Lactiplantibacillus_plantarum	GCA_057785035	C34	0.00613	0.5515	5.0
sample20	med	Lactiplantibacillus_plantarum	GCA_056175105	C32	0.08961	8.0653	5.0
sample20	med	Mycobacterium_tuberculosis	GCA_000277735	C0	0.03808	3.4268	5.0
sample20	med	Phocaeicola_dorei	GCA_000738065	C1	0.43111	38.7997	5.0
sample20	med	Porphyromonas_gingivalis	GCA_028335085	C18	0.04291	3.8619	5.0
sample20	med	Prevotella_copri	GCA_019249655	C1	0.00294	0.2644	5.0
sample20	med	Salmonella_enterica	GCA_024364905	C8	0.06270	5.6427	5.0
sample20	med	Staphylococcus_aureus	GCA_045345275	C3	0.03308	2.9776	5.0
sample20	med	Staphylococcus_epidermidis	GCA_019329505	C3	0.00899	0.8089	5.0
sample20	med	Streptococcus_pneumoniae	GCA_022558605	C12	0.04441	3.9968	5.0
