species	accession	cluster
Akkermansia_muciniphila	GCA_000020225	C0
Akkermansia_muciniphila	GCA_004015245	C1
Akkermansia_muciniphila	GCA_004015265	C2
Akkermansia_muciniphila	GCA_004104435	C3
Akkermansia_muciniphila	GCA_004319565	C4
Akkermansia_muciniphila	GCA_008000975	C0
Akkermansia_muciniphila	GCA_009731575	C5
Akkermansia_muciniphila	GCA_010223095	C6
Akkermansia_muciniphila	GCA_010223115	C6
Akkermansia_muciniphila	GCA_010223135	C7
Akkermansia_muciniphila	GCA_010223405	C7
Akkermansia_muciniphila	GCA_010223575	C7
Akkermansia_muciniphila	GCA_010229315	C8
Akkermansia_muciniphila	GCA_010230155	C9
Akkermansia_muciniphila	GCA_010230515	C10
Akkermansia_muciniphila	GCA_010230725	C10
Akkermansia_muciniphila	GCA_010230935	C10
Akkermansia_muciniphila	GCA_010231195	C10
Akkermansia_muciniphila	GCA_010509235	C5
Akkermansia_muciniphila	GCA_014170075	C11
Akkermansia_muciniphila	GCA_017504145	C0
Akkermansia_muciniphila	GCA_017570425	C12
Akkermansia_muciniphila	GCA_017570485	C12
Akkermansia_muciniphila	GCA_017570505	C12
Akkermansia_muciniphila	GCA_017570525	C12
Akkermansia_muciniphila	GCA_018847115	C13
Akkermansia_muciniphila	GCA_018847155	C13
Akkermansia_muciniphila	GCA_018847175	C13
Akkermansia_muciniphila	GCA_018847215	C14
Akkermansia_muciniphila	GCA_018847255	C15
Akkermansia_muciniphila	GCA_018847275	C15
Akkermansia_muciniphila	GCA_018847295	C15
Akkermansia_muciniphila	GCA_018847315	C15
Akkermansia_muciniphila	GCA_018847335	C15
Akkermansia_muciniphila	GCA_018847355	C16
Akkermansia_muciniphila	GCA_018847395	C16
Akkermansia_muciniphila	GCA_018847435	C7
Akkermansia_muciniphila	GCA_018847455	C7
Akkermansia_muciniphila	GCA_018847475	C7
Akkermansia_muciniphila	GCA_018847495	C7
Akkermansia_muciniphila	GCA_018847515	C7
Akkermansia_muciniphila	GCA_018847535	C16
Akkermansia_muciniphila	GCA_018847595	C17
Akkermansia_muciniphila	GCA_028743255	C18
Akkermansia_muciniphila	GCA_033947425	C19
Akkermansia_muciniphila	GCA_033947545	C20
Akkermansia_muciniphila	GCA_036796995	C21
Akkermansia_muciniphila	GCA_040616545	C22
Akkermansia_muciniphila	GCA_058322775	C23
Akkermansia_muciniphila	GCA_058322795	C23
Clostridioides_difficile	GCA_000953275	C0
Clostridioides_difficile	GCA_001077535	C1
Clostridioides_difficile	GCA_002080065	C0
Clostridioides_difficile	GCA_003095675	C2
Clostridioides_difficile	GCA_003095695	C3
Clostridioides_difficile	GCA_003313545	C4
Clostridioides_difficile	GCA_003313565	C5
Clostridioides_difficile	GCA_003313585	C4
Clostridioides_difficile	GCA_003481905	C6
Clostridioides_difficile	GCA_003482345	C7
Clostridioides_difficile	GCA_015238635	C8
Clostridioides_difficile	GCA_015352155	C9
Clostridioides_difficile	GCA_018884925	C10
Clostridioides_difficile	GCA_018884965	C5
Clostridioides_difficile	GCA_018885045	C11
Clostridioides_difficile	GCA_018885065	C12
Clostridioides_difficile	GCA_018885085	C13
Clostridioides_difficile	GCA_019095765	C3
Clostridioides_difficile	GCA_022695655	C5
Clostridioides_difficile	GCA_022845595	C14
Clostridioides_difficile	GCA_024972115	C3
Clostridioides_difficile	GCA_024972275	C3
Clostridioides_difficile	GCA_024972415	C15
Clostridioides_difficile	GCA_024972555	C15
Clostridioides_difficile	GCA_025135955	C6
Clostridioides_difficile	GCA_025758205	C4
Clostridioides_difficile	GCA_037915445	C16
Clostridioides_difficile	GCA_037920665	C17
Clostridioides_difficile	GCA_037923795	C18
Clostridioides_difficile	GCA_037934445	C18
Clostridioides_difficile	GCA_037941005	C19
Clostridioides_difficile	GCA_049201125	C3
Clostridioides_difficile	GCA_049201135	C3
Clostridioides_difficile	GCA_049242515	C3
Clostridioides_difficile	GCA_049243065	C3
Clostridioides_difficile	GCA_049243115	C3
Clostridioides_difficile	GCA_049244735	C20
Clostridioides_difficile	GCA_049244755	C21
Clostridioides_difficile	GCA_052441905	C7
Clostridioides_difficile	GCA_052442795	C22
Clostridioides_difficile	GCA_054790395	C23
Clostridioides_difficile	GCA_054790585	C23
Clostridioides_difficile	GCA_054790685	C23
Clostridioides_difficile	GCA_054790695	C7
Clostridioides_difficile	GCA_057587615	C24
Clostridioides_difficile	GCA_951803555	C25
Clostridioides_difficile	GCA_963426535	C26
Cutibacterium_acnes	GCA_000231215	C0
Cutibacterium_acnes	GCA_001469595	C1
Cutibacterium_acnes	GCA_001469615	C2
Cutibacterium_acnes	GCA_003030305	C3
Cutibacterium_acnes	GCA_003390995	C1
Cutibacterium_acnes	GCA_003798465	C4
Cutibacterium_acnes	GCA_003812785	C3
Cutibacterium_acnes	GCA_004136195	C3
Cutibacterium_acnes	GCA_006739385	C3
Cutibacterium_acnes	GCA_008728435	C3
Cutibacterium_acnes	GCA_009177305	C5
Cutibacterium_acnes	GCA_011399315	C3
Cutibacterium_acnes	GCA_011399455	C3
Cutibacterium_acnes	GCA_021010665	C0
Cutibacterium_acnes	GCA_021010715	C1
Cutibacterium_acnes	GCA_029338475	C3
Cutibacterium_acnes	GCA_029851525	C6
Cutibacterium_acnes	GCA_029851605	C1
Cutibacterium_acnes	GCA_029851625	C7
Cutibacterium_acnes	GCA_030166615	C1
Cutibacterium_acnes	GCA_030166635	C1
Cutibacterium_acnes	GCA_030295305	C5
Cutibacterium_acnes	GCA_052398825	C5
Cutibacterium_acnes	GCA_056816635	C5
Cutibacterium_acnes	GCA_057198095	C3
Cutibacterium_acnes	GCA_057198105	C3
Cutibacterium_acnes	GCA_057198235	C3
Cutibacterium_acnes	GCA_057198265	C3
Cutibacterium_acnes	GCA_057457935	C3
Cutibacterium_acnes	GCA_057457945	C3
Cutibacterium_acnes	GCA_057501535	C3
Cutibacterium_acnes	GCA_057584575	C3
Cutibacterium_acnes	GCA_057584585	C3
Cutibacterium_acnes	GCA_057584595	C3
Cutibacterium_acnes	GCA_057584865	C4
Cutibacterium_acnes	GCA_057584875	C3
Cutibacterium_acnes	GCA_057584885	C3
Cutibacterium_acnes	GCA_058137405	C3
Cutibacterium_acnes	GCA_058178805	C3
Cutibacterium_acnes	GCA_058179315	C3
Cutibacterium_acnes	GCA_058180565	C3
Cutibacterium_acnes	GCA_058182115	C3
Cutibacterium_acnes	GCA_058182275	C4
Escherichia_coli	GCA_000005845	C0
Escherichia_coli	GCA_000008865	C1
Escherichia_coli	GCA_000010385	C2
Escherichia_coli	GCA_000013265	C3
Escherichia_coli	GCA_000019645	C4
Escherichia_coli	GCA_000210475	C5
Escherichia_coli	GCA_001721125	C6
Escherichia_coli	GCA_002853715	C7
Escherichia_coli	GCA_003018035	C8
Escherichia_coli	GCA_003018455	C9
Escherichia_coli	GCA_003697165	C10
Escherichia_coli	GCA_014058445	C11
Escherichia_coli	GCA_024300685	C12
Escherichia_coli	GCA_027925505	C13
Escherichia_coli	GCA_027925565	C14
Escherichia_coli	GCA_027925745	C15
Escherichia_coli	GCA_027925765	C8
Escherichia_coli	GCA_027925785	C16
Escherichia_coli	GCA_027925805	C8
Escherichia_coli	GCA_027925825	C17
Escherichia_coli	GCA_027925845	C8
Escherichia_coli	GCA_032382315	C18
Escherichia_coli	GCA_040571355	C19
Escherichia_coli	GCA_044324875	C20
Escherichia_coli	GCA_048568925	C21
Escherichia_coli	GCA_048568945	C9
Escherichia_coli	GCA_048568955	C22
Escherichia_coli	GCA_048568965	C22
Escherichia_coli	GCA_048568975	C23
Escherichia_coli	GCA_048569005	C8
Escherichia_coli	GCA_048569015	C8
Escherichia_coli	GCA_048571305	C8
Escherichia_coli	GCA_048571315	C6
Escherichia_coli	GCA_048571415	C8
Escherichia_coli	GCA_048571425	C8
Escherichia_coli	GCA_048571515	C8
Escherichia_coli	GCA_048571525	C8
Escherichia_coli	GCA_048571565	C9
Escherichia_coli	GCA_048571605	C6
Escherichia_coli	GCA_048571635	C24
Escherichia_coli	GCA_048571645	C25
Escherichia_coli	GCA_048571655	C8
Escherichia_coli	GCA_048571795	C8
Escherichia_coli	GCA_048571805	C26
Escherichia_coli	GCA_048571815	C6
Escherichia_coli	GCA_048571825	C8
Escherichia_coli	GCA_048571835	C8
Escherichia_coli	GCA_051012485	C27
Escherichia_coli	GCA_053078305	C28
Escherichia_coli	GCA_055379255	C29
Fusobacterium_nucleatum	GCA_003019295	C0
Fusobacterium_nucleatum	GCA_028621975	C1
Fusobacterium_nucleatum	GCA_031191795	C0
Fusobacterium_nucleatum	GCA_037889055	C2
Fusobacterium_nucleatum	GCA_037889125	C3
Fusobacterium_nucleatum	GCA_037889175	C4
Fusobacterium_nucleatum	GCA_037889235	C5
Fusobacterium_nucleatum	GCA_037889255	C6
Fusobacterium_nucleatum	GCA_037889285	C7
Fusobacterium_nucleatum	GCA_037889315	C8
Fusobacterium_nucleatum	GCA_037889325	C9
Fusobacterium_nucleatum	GCA_037889375	C10
Fusobacterium_nucleatum	GCA_037889385	C11
Fusobacterium_nucleatum	GCA_037890135	C12
Fusobacterium_nucleatum	GCA_037900345	C0
Fusobacterium_nucleatum	GCA_037951365	C13
Fusobacterium_nucleatum	GCA_037952305	C14
Fusobacterium_nucleatum	GCA_037953125	C15
Fusobacterium_nucleatum	GCA_037955445	C16
Fusobacterium_nucleatum	GCA_048313075	C17
Fusobacterium_nucleatum	GCA_050233295	C3
Fusobacterium_nucleatum	GCA_050920715	C0
Fusobacterium_nucleatum	GCA_056333145	C0
Fusobacterium_nucleatum	GCA_902381645	C18
Fusobacterium_nucleatum	GCA_964642115	C0
Klebsiella_pneumoniae	GCA_000240185	C0
Klebsiella_pneumoniae	GCA_002156725	C1
Klebsiella_pneumoniae	GCA_002156745	C2
Klebsiella_pneumoniae	GCA_002202195	C3
Klebsiella_pneumoniae	GCA_002903005	C4
Klebsiella_pneumoniae	GCA_011045595	C5
Klebsiella_pneumoniae	GCA_011066505	C6
Klebsiella_pneumoniae	GCA_017809835	C6
Klebsiella_pneumoniae	GCA_018128465	C7
Klebsiella_pneumoniae	GCA_018604345	C8
Klebsiella_pneumoniae	GCA_019823765	C6
Klebsiella_pneumoniae	GCA_019823805	C6
Klebsiella_pneumoniae	GCA_019823835	C6
Klebsiella_pneumoniae	GCA_019823875	C6
Klebsiella_pneumoniae	GCA_019823915	C6
Klebsiella_pneumoniae	GCA_019823935	C6
Klebsiella_pneumoniae	GCA_020911805	C9
Klebsiella_pneumoniae	GCA_022699305	C10
Klebsiella_pneumoniae	GCA_022699345	C10
Klebsiella_pneumoniae	GCA_022749215	C10
Klebsiella_pneumoniae	GCA_023913575	C11
Klebsiella_pneumoniae	GCA_024346895	C6
Klebsiella_pneumoniae	GCA_024496165	C12
Klebsiella_pneumoniae	GCA_027595645	C1
Klebsiella_pneumoniae	GCA_027942195	C6
Klebsiella_pneumoniae	GCA_027942215	C13
Klebsiella_pneumoniae	GCA_028471925	C14
Klebsiella_pneumoniae	GCA_030845935	C15
Klebsiella_pneumoniae	GCA_040047695	C16
Klebsiella_pneumoniae	GCA_043187905	C17
Klebsiella_pneumoniae	GCA_046619595	C18
Klebsiella_pneumoniae	GCA_048961785	C19
Klebsiella_pneumoniae	GCA_048961795	C19
Klebsiella_pneumoniae	GCA_050156185	C6
Klebsiella_pneumoniae	GCA_050809835	C6
Klebsiella_pneumoniae	GCA_052906805	C20
Klebsiella_pneumoniae	GCA_053128315	C21
Klebsiella_pneumoniae	GCA_054693465	C22
Klebsiella_pneumoniae	GCA_055901155	C23
Klebsiella_pneumoniae	GCA_057220915	C24
Klebsiella_pneumoniae	GCA_057812305	C6
Klebsiella_pneumoniae	GCA_057929645	C25
Klebsiella_pneumoniae	GCA_058145555	C26
Klebsiella_pneumoniae	GCA_058145595	C26
Klebsiella_pneumoniae	GCA_058145615	C26
Klebsiella_pneumoniae	GCA_058145635	C26
Klebsiella_pneumoniae	GCA_963854595	C27
Lactiplantibacillus_plantarum	GCA_001672035	C0
Lactiplantibacillus_plantarum	GCA_001704315	C1
Lactiplantibacillus_plantarum	GCA_001704335	C1
Lactiplantibacillus_plantarum	GCA_002005385	C2
Lactiplantibacillus_plantarum	GCA_002220175	C3
Lactiplantibacillus_plantarum	GCA_002290185	C4
Lactiplantibacillus_plantarum	GCA_002576835	C5
Lactiplantibacillus_plantarum	GCA_002868775	C6
Lactiplantibacillus_plantarum	GCA_003345375	C7
Lactiplantibacillus_plantarum	GCA_004103495	C8
Lactiplantibacillus_plantarum	GCA_004103515	C8
Lactiplantibacillus_plantarum	GCA_004730965	C9
Lactiplantibacillus_plantarum	GCA_009762745	C10
Lactiplantibacillus_plantarum	GCA_009913655	C11
Lactiplantibacillus_plantarum	GCA_010586945	C12
Lactiplantibacillus_plantarum	GCA_013155145	C13
Lactiplantibacillus_plantarum	GCA_013487805	C14
Lactiplantibacillus_plantarum	GCA_014131735	C15
Lactiplantibacillus_plantarum	GCA_015693925	C16
Lactiplantibacillus_plantarum	GCA_017798305	C17
Lactiplantibacillus_plantarum	GCA_018351295	C12
Lactiplantibacillus_plantarum	GCA_023973045	C10
Lactiplantibacillus_plantarum	GCA_025144505	C18
Lactiplantibacillus_plantarum	GCA_026153115	C19
Lactiplantibacillus_plantarum	GCA_027557615	C16
Lactiplantibacillus_plantarum	GCA_028869445	C20
Lactiplantibacillus_plantarum	GCA_029814785	C16
Lactiplantibacillus_plantarum	GCA_029834415	C16
Lactiplantibacillus_plantarum	GCA_029855105	C3
Lactiplantibacillus_plantarum	GCA_030253605	C21
Lactiplantibacillus_plantarum	GCA_030297695	C22
Lactiplantibacillus_plantarum	GCA_031597175	C23
Lactiplantibacillus_plantarum	GCA_036255815	C17
Lactiplantibacillus_plantarum	GCA_039725565	C24
Lactiplantibacillus_plantarum	GCA_041531555	C25
Lactiplantibacillus_plantarum	GCA_044590115	C26
Lactiplantibacillus_plantarum	GCA_049177205	C27
Lactiplantibacillus_plantarum	GCA_049241955	C28
Lactiplantibacillus_plantarum	GCA_049330845	C17
Lactiplantibacillus_plantarum	GCA_049477935	C29
Lactiplantibacillus_plantarum	GCA_052692365	C30
Lactiplantibacillus_plantarum	GCA_055234055	C31
Lactiplantibacillus_plantarum	GCA_056175105	C32
Lactiplantibacillus_plantarum	GCA_057418965	C17
Lactiplantibacillus_plantarum	GCA_057736435	C33
Lactiplantibacillus_plantarum	GCA_057785035	C34
Lactiplantibacillus_plantarum	GCA_057786755	C35
Lactiplantibacillus_plantarum	GCA_057815115	C36
Lactiplantibacillus_plantarum	GCA_058134955	C37
Lactiplantibacillus_plantarum	GCA_058135485	C38
Mycobacterium_tuberculosis	GCA_000195955	C0
Mycobacterium_tuberculosis	GCA_000277735	C0
Mycobacterium_tuberculosis	GCA_001708265	C0
Mycobacterium_tuberculosis	GCA_002072775	C0
Mycobacterium_tuberculosis	GCA_002116775	C0
Mycobacterium_tuberculosis	GCA_002116835	C0
Mycobacterium_tuberculosis	GCA_009730215	C0
Mycobacterium_tuberculosis	GCA_014899965	C0
Mycobacterium_tuberculosis	GCA_014899985	C0
Mycobacterium_tuberculosis	GCA_014900005	C0
Mycobacterium_tuberculosis	GCA_014900135	C0
Mycobacterium_tuberculosis	GCA_014900215	C0
Mycobacterium_tuberculosis	GCA_014900235	C0
Mycobacterium_tuberculosis	GCA_014900295	C0
Mycobacterium_tuberculosis	GCA_017901035	C0
Mycobacterium_tuberculosis	GCA_017901095	C0
Mycobacterium_tuberculosis	GCA_021559895	C0
Mycobacterium_tuberculosis	GCA_033124885	C0
Mycobacterium_tuberculosis	GCA_033125685	C0
Mycobacterium_tuberculosis	GCA_037942495	C0
Mycobacterium_tuberculosis	GCA_040208985	C0
Mycobacterium_tuberculosis	GCA_040208995	C0
Mycobacterium_tuberculosis	GCA_040209205	C0
Mycobacterium_tuberculosis	GCA_040209215	C0
Mycobacterium_tuberculosis	GCA_040209325	C0
Mycobacterium_tuberculosis	GCA_040209395	C0
Mycobacterium_tuberculosis	GCA_963525475	C0
Mycobacterium_tuberculosis	GCA_965122945	C0
Mycobacterium_tuberculosis	GCA_965124815	C0
Phocaeicola_dorei	GCA_000738045	C0
Phocaeicola_dorei	GCA_000738065	C1
Phocaeicola_dorei	GCA_001274835	C2
Phocaeicola_dorei	GCA_001640865	C3
Phocaeicola_dorei	GCA_013009555	C4
Phocaeicola_dorei	GCA_013009675	C5
Phocaeicola_dorei	GCA_013009875	C5
Phocaeicola_dorei	GCA_013010095	C5
Phocaeicola_dorei	GCA_013010255	C6
Phocaeicola_dorei	GCA_013010365	C6
Phocaeicola_dorei	GCA_018292105	C7
Phocaeicola_dorei	GCA_025146415	C4
Phocaeicola_dorei	GCA_025916455	C8
Phocaeicola_dorei	GCA_902387545	C2
Phocaeicola_dorei	GCA_964264565	C9
Porphyromonas_gingivalis	GCA_000007585	C0
Porphyromonas_gingivalis	GCA_000010505	C1
Porphyromonas_gingivalis	GCA_000270225	C2
Porphyromonas_gingivalis	GCA_001263815	C3
Porphyromonas_gingivalis	GCA_001274615	C4
Porphyromonas_gingivalis	GCA_001314265	C1
Porphyromonas_gingivalis	GCA_002753935	C5
Porphyromonas_gingivalis	GCA_002753955	C6
Porphyromonas_gingivalis	GCA_002753975	C7
Porphyromonas_gingivalis	GCA_002754015	C8
Porphyromonas_gingivalis	GCA_002754035	C9
Porphyromonas_gingivalis	GCA_002754055	C10
Porphyromonas_gingivalis	GCA_002754075	C11
Porphyromonas_gingivalis	GCA_002754095	C12
Porphyromonas_gingivalis	GCA_002754115	C13
Porphyromonas_gingivalis	GCA_002754135	C14
Porphyromonas_gingivalis	GCA_002754155	C15
Porphyromonas_gingivalis	GCA_002892555	C2
Porphyromonas_gingivalis	GCA_002892575	C1
Porphyromonas_gingivalis	GCA_002892595	C0
Porphyromonas_gingivalis	GCA_018141745	C16
Porphyromonas_gingivalis	GCA_018141765	C16
Porphyromonas_gingivalis	GCA_018141805	C17
Porphyromonas_gingivalis	GCA_023822425	C0
Porphyromonas_gingivalis	GCA_023822445	C0
Porphyromonas_gingivalis	GCA_023822465	C0
Porphyromonas_gingivalis	GCA_028335085	C18
Porphyromonas_gingivalis	GCA_028335105	C3
Porphyromonas_gingivalis	GCA_028335125	C19
Porphyromonas_gingivalis	GCA_030144345	C20
Porphyromonas_gingivalis	GCA_030252365	C20
Porphyromonas_gingivalis	GCA_030440475	C21
Porphyromonas_gingivalis	GCA_030440495	C21
Porphyromonas_gingivalis	GCA_055523395	C22
Porphyromonas_gingivalis	GCA_055523415	C23
Porphyromonas_gingivalis	GCA_055523455	C24
Porphyromonas_gingivalis	GCA_055523465	C25
Porphyromonas_gingivalis	GCA_057218255	C26
Porphyromonas_gingivalis	GCA_057218265	C26
Porphyromonas_gingivalis	GCA_057218275	C26
Porphyromonas_gingivalis	GCA_057218315	C26
Porphyromonas_gingivalis	GCA_057220515	C26
Porphyromonas_gingivalis	GCA_057220555	C26
Prevotella_copri	GCA_015074785	C0
Prevotella_copri	GCA_019249655	C1
Prevotella_copri	GCA_019249755	C2
Prevotella_copri	GCA_019249765	C3
Prevotella_copri	GCA_019249795	C4
Prevotella_copri	GCA_019249805	C5
Prevotella_copri	GCA_019249825	C6
Prevotella_copri	GCA_019249855	C7
Prevotella_copri	GCA_020735445	C8
Prevotella_copri	GCA_025151535	C9
Prevotella_copri	GCA_032450655	C10
Prevotella_copri	GCA_032451715	C11
Prevotella_copri	GCA_032452275	C12
Prevotella_copri	GCA_032452555	C13
Prevotella_copri	GCA_032452695	C14
Prevotella_copri	GCA_051861795	C15
Prevotella_copri	GCA_051861805	C16
Prevotella_copri	GCA_051861815	C17
Prevotella_copri	GCA_054890165	C18
Salmonella_enterica	GCA_000006945	C0
Salmonella_enterica	GCA_000007545	C1
Salmonella_enterica	GCA_000743055	C0
Salmonella_enterica	GCA_001558355	C0
Salmonella_enterica	GCA_003325135	C2
Salmonella_enterica	GCA_006365335	C0
Salmonella_enterica	GCA_006969245	C3
Salmonella_enterica	GCA_009729915	C4
Salmonella_enterica	GCA_009930675	C5
Salmonella_enterica	GCA_014334155	C0
Salmonella_enterica	GCA_014334215	C6
Salmonella_enterica	GCA_015565735	C7
Salmonella_enterica	GCA_016028495	C0
Salmonella_enterica	GCA_018460045	C8
Salmonella_enterica	GCA_020736345	C5
Salmonella_enterica	GCA_021474245	C8
Salmonella_enterica	GCA_021474285	C8
Salmonella_enterica	GCA_022533545	C9
Salmonella_enterica	GCA_022869965	C0
Salmonella_enterica	GCA_022870685	C8
Salmonella_enterica	GCA_023330725	C8
Salmonella_enterica	GCA_023330805	C8
Salmonella_enterica	GCA_023330845	C8
Salmonella_enterica	GCA_024364865	C8
Salmonella_enterica	GCA_024364905	C8
Salmonella_enterica	GCA_024364925	C5
Salmonella_enterica	GCA_024364945	C5
Salmonella_enterica	GCA_024365005	C8
Salmonella_enterica	GCA_028551175	C10
Salmonella_enterica	GCA_029537315	C11
Salmonella_enterica	GCA_041080895	C0
Salmonella_enterica	GCA_041866875	C12
Salmonella_enterica	GCA_041927295	C5
Salmonella_enterica	GCA_041930315	C13
Salmonella_enterica	GCA_041930345	C13
Salmonella_enterica	GCA_045278205	C14
Salmonella_enterica	GCA_049544835	C8
Salmonella_enterica	GCA_050516495	C15
Salmonella_enterica	GCA_055901005	C16
Salmonella_enterica	GCA_056590175	C5
Salmonella_enterica	GCA_057836765	C5
Salmonella_enterica	GCA_058222315	C17
Salmonella_enterica	GCA_058222435	C17
Salmonella_enterica	GCA_058447365	C18
Salmonella_enterica	GCA_058447825	C5
Staphylococcus_aureus	GCA_000013425	C0
Staphylococcus_aureus	GCA_001027105	C1
Staphylococcus_aureus	GCA_001515685	C2
Staphylococcus_aureus	GCA_001515745	C2
Staphylococcus_aureus	GCA_001641025	C3
Staphylococcus_aureus	GCA_001641045	C3
Staphylococcus_aureus	GCA_002097595	C3
Staphylococcus_aureus	GCA_002895385	C3
Staphylococcus_aureus	GCA_003264815	C3
Staphylococcus_aureus	GCA_003945425	C4
Staphylococcus_aureus	GCA_004136255	C3
Staphylococcus_aureus	GCA_006094915	C1
Staphylococcus_aureus	GCA_006364675	C1
Staphylococcus_aureus	GCA_022832755	C5
Staphylococcus_aureus	GCA_022869625	C1
Staphylococcus_aureus	GCA_026167765	C1
Staphylococcus_aureus	GCA_026625205	C3
Staphylococcus_aureus	GCA_026625225	C3
Staphylococcus_aureus	GCA_026625265	C3
Staphylococcus_aureus	GCA_026625305	C3
Staphylococcus_aureus	GCA_026625365	C3
Staphylococcus_aureus	GCA_030252695	C3
Staphylococcus_aureus	GCA_030252735	C3
Staphylococcus_aureus	GCA_030252755	C3
Staphylococcus_aureus	GCA_037039295	C6
Staphylococcus_aureus	GCA_037039325	C3
Staphylococcus_aureus	GCA_041531615	C7
Staphylococcus_aureus	GCA_044789125	C8
Staphylococcus_aureus	GCA_045345275	C3
Staphylococcus_aureus	GCA_045679535	C3
Staphylococcus_aureus	GCA_045790345	C9
Staphylococcus_aureus	GCA_045791695	C10
Staphylococcus_aureus	GCA_045862735	C3
Staphylococcus_aureus	GCA_049314975	C11
Staphylococcus_aureus	GCA_050881725	C3
Staphylococcus_aureus	GCA_054906605	C3
Staphylococcus_aureus	GCA_054906615	C3
Staphylococcus_aureus	GCA_054906625	C3
Staphylococcus_aureus	GCA_056820065	C3
Staphylococcus_aureus	GCA_056820105	C3
Staphylococcus_aureus	GCA_057074175	C2
Staphylococcus_aureus	GCA_057074205	C2
Staphylococcus_aureus	GCA_057074225	C2
Staphylococcus_aureus	GCA_057077345	C12
Staphylococcus_aureus	GCA_057077355	C12
Staphylococcus_aureus	GCA_900607265	C3
Staphylococcus_aureus	GCA_900607305	C3
Staphylococcus_aureus	GCA_900620245	C3
Staphylococcus_epidermidis	GCA_002850315	C0
Staphylococcus_epidermidis	GCA_006094375	C1
Staphylococcus_epidermidis	GCA_006742205	C1
Staphylococcus_epidermidis	GCA_009685135	C2
Staphylococcus_epidermidis	GCA_019329245	C3
Staphylococcus_epidermidis	GCA_019329365	C3
Staphylococcus_epidermidis	GCA_019329405	C3
Staphylococcus_epidermidis	GCA_019329425	C3
Staphylococcus_epidermidis	GCA_019329505	C3
Staphylococcus_epidermidis	GCA_019329525	C3
Staphylococcus_epidermidis	GCA_019329545	C3
Staphylococcus_epidermidis	GCA_019329565	C3
Staphylococcus_epidermidis	GCA_019329585	C3
Staphylococcus_epidermidis	GCA_019329605	C3
Staphylococcus_epidermidis	GCA_019329645	C3
Staphylococcus_epidermidis	GCA_019329665	C3
Staphylococcus_epidermidis	GCA_019329685	C3
Staphylococcus_epidermidis	GCA_019329705	C3
Staphylococcus_epidermidis	GCA_019329745	C3
Staphylococcus_epidermidis	GCA_019329785	C3
Staphylococcus_epidermidis	GCA_019330105	C3
Staphylococcus_epidermidis	GCA_019330145	C3
Staphylococcus_epidermidis	GCA_019330165	C3
Staphylococcus_epidermidis	GCA_019330185	C3
Staphylococcus_epidermidis	GCA_019330225	C3
Staphylococcus_epidermidis	GCA_019330245	C3
Staphylococcus_epidermidis	GCA_019787665	C3
Staphylococcus_epidermidis	GCA_024204785	C4
Staphylococcus_epidermidis	GCA_031326165	C5
Staphylococcus_epidermidis	GCA_045786335	C6
Staphylococcus_epidermidis	GCA_045928505	C7
Staphylococcus_epidermidis	GCA_045933105	C6
Staphylococcus_epidermidis	GCA_045934295	C8
Staphylococcus_epidermidis	GCA_045935645	C6
Staphylococcus_epidermidis	GCA_045936855	C6
Staphylococcus_epidermidis	GCA_045937745	C6
Staphylococcus_epidermidis	GCA_045937765	C3
Staphylococcus_epidermidis	GCA_045938865	C6
Staphylococcus_epidermidis	GCA_045939555	C6
Staphylococcus_epidermidis	GCA_045939605	C6
Staphylococcus_epidermidis	GCA_045939955	C6
Staphylococcus_epidermidis	GCA_045940065	C6
Staphylococcus_epidermidis	GCA_045940075	C6
Staphylococcus_epidermidis	GCA_045940705	C6
Staphylococcus_epidermidis	GCA_045940975	C6
Staphylococcus_epidermidis	GCA_045942175	C6
Staphylococcus_epidermidis	GCA_045942415	C6
Staphylococcus_epidermidis	GCA_045944115	C6
Staphylococcus_epidermidis	GCA_900086615	C6
Staphylococcus_epidermidis	GCA_900638695	C3
Streptococcus_pneumoniae	GCA_001457635	C0
Streptococcus_pneumoniae	GCA_001896045	C1
Streptococcus_pneumoniae	GCA_002843545	C2
Streptococcus_pneumoniae	GCA_002947575	C3
Streptococcus_pneumoniae	GCA_003351705	C4
Streptococcus_pneumoniae	GCA_003966525	C5
Streptococcus_pneumoniae	GCA_013047165	C6
Streptococcus_pneumoniae	GCA_015839035	C7
Streptococcus_pneumoniae	GCA_021398235	C8
Streptococcus_pneumoniae	GCA_021398265	C8
Streptococcus_pneumoniae	GCA_021398285	C8
Streptococcus_pneumoniae	GCA_022068265	C9
Streptococcus_pneumoniae	GCA_022070005	C10
Streptococcus_pneumoniae	GCA_022070425	C11
Streptococcus_pneumoniae	GCA_022558605	C12
Streptococcus_pneumoniae	GCA_026625945	C13
Streptococcus_pneumoniae	GCA_026625965	C13
Streptococcus_pneumoniae	GCA_030127445	C14
Streptococcus_pneumoniae	GCA_033096065	C15
Streptococcus_pneumoniae	GCA_033096145	C16
Streptococcus_pneumoniae	GCA_033096165	C17
Streptococcus_pneumoniae	GCA_033096185	C18
Streptococcus_pneumoniae	GCA_033096225	C19
Streptococcus_pneumoniae	GCA_033096265	C20
Streptococcus_pneumoniae	GCA_033145555	C21
Streptococcus_pneumoniae	GCA_033146375	C22
Streptococcus_pneumoniae	GCA_033149375	C23
Streptococcus_pneumoniae	GCA_033165855	C24
Streptococcus_pneumoniae	GCA_036322955	C25
Streptococcus_pneumoniae	GCA_036322975	C25
Streptococcus_pneumoniae	GCA_036509575	C5
Streptococcus_pneumoniae	GCA_038431575	C26
Streptococcus_pneumoniae	GCA_038431755	C27
Streptococcus_pneumoniae	GCA_040687865	C3
Streptococcus_pneumoniae	GCA_040687875	C28
Streptococcus_pneumoniae	GCA_040687885	C29
Streptococcus_pneumoniae	GCA_040687895	C28
Streptococcus_pneumoniae	GCA_041729265	C30
Streptococcus_pneumoniae	GCA_052566715	C2
Streptococcus_pneumoniae	GCA_052566725	C2
Streptococcus_pneumoniae	GCA_055381415	C31
Streptococcus_pneumoniae	GCA_055381835	C31
Streptococcus_pneumoniae	GCA_055382695	C20
Streptococcus_pneumoniae	GCA_057914855	C32
Streptococcus_pneumoniae	GCA_058308675	C2
Streptococcus_pneumoniae	GCA_900476475	C33
Streptococcus_pneumoniae	GCA_900476505	C34
Streptococcus_pneumoniae	GCA_900618545	C35
Streptococcus_pneumoniae	GCA_900693025	C36
Streptococcus_pneumoniae	GCA_963281185	C37
