species	accession	assembly_level	checkm_completeness	checkm_contamination	n_contigs	total_len	high_quality
Akkermansia_muciniphila	GCA_000020225	Complete Genome	100	None	1	2664102	1
Akkermansia_muciniphila	GCA_004015245	Complete Genome	98.47	None	1	2799431	1
Akkermansia_muciniphila	GCA_004015265	Complete Genome	99.3	None	1	2824041	1
Akkermansia_muciniphila	GCA_004104435	Complete Genome	100	0.35	1	2860407	1
Akkermansia_muciniphila	GCA_004319565	Complete Genome	99.3	None	1	2801917	1
Akkermansia_muciniphila	GCA_008000975	Complete Genome	100	None	1	2664043	1
Akkermansia_muciniphila	GCA_009731575	Complete Genome	100	0.35	2	2878459	1
Akkermansia_muciniphila	GCA_010223095	Complete Genome	99.3	None	1	2888371	1
Akkermansia_muciniphila	GCA_010223115	Complete Genome	99.3	None	1	2888305	1
Akkermansia_muciniphila	GCA_010223135	Complete Genome	99.53	0.35	1	2836174	1
Akkermansia_muciniphila	GCA_010223405	Complete Genome	99.3	0.35	1	2836880	1
Akkermansia_muciniphila	GCA_010223575	Complete Genome	99.18	0.7	1	2836855	1
Akkermansia_muciniphila	GCA_010229315	Complete Genome	100	1.76	1	2810249	1
Akkermansia_muciniphila	GCA_010230155	Complete Genome	99.3	None	1	2803530	1
Akkermansia_muciniphila	GCA_010230515	Complete Genome	99.3	None	1	2844782	1
Akkermansia_muciniphila	GCA_010230725	Complete Genome	98.94	None	1	2844797	1
Akkermansia_muciniphila	GCA_010230935	Complete Genome	99.3	None	1	2844777	1
Akkermansia_muciniphila	GCA_010231195	Complete Genome	98.94	None	1	2844808	1
Akkermansia_muciniphila	GCA_010509235	Complete Genome	100	0.35	1	2878261	1
Akkermansia_muciniphila	GCA_014170075	Complete Genome	98.06	0.7	1	3004919	1
Akkermansia_muciniphila	GCA_017504145	Complete Genome	100	None	1	2664051	1
Akkermansia_muciniphila	GCA_017570425	Complete Genome	100	None	1	2844059	1
Akkermansia_muciniphila	GCA_017570485	Complete Genome	100	None	1	2844036	1
Akkermansia_muciniphila	GCA_017570505	Complete Genome	100	None	1	2844062	1
Akkermansia_muciniphila	GCA_017570525	Complete Genome	100	None	1	2844056	1
Akkermansia_muciniphila	GCA_018847115	Complete Genome	99.3	0.18	1	2803336	1
Akkermansia_muciniphila	GCA_018847155	Complete Genome	99.65	0.18	1	2803334	1
Akkermansia_muciniphila	GCA_018847175	Complete Genome	99.65	None	1	2803293	1
Akkermansia_muciniphila	GCA_018847215	Complete Genome	99.65	0.18	1	2942163	1
Akkermansia_muciniphila	GCA_018847255	Complete Genome	99.18	0.18	1	3002740	1
Akkermansia_muciniphila	GCA_018847275	Complete Genome	98.42	None	1	3002718	1
Akkermansia_muciniphila	GCA_018847295	Complete Genome	97.36	None	1	2990835	1
Akkermansia_muciniphila	GCA_018847315	Complete Genome	99.18	None	1	3002684	1
Akkermansia_muciniphila	GCA_018847335	Complete Genome	99.3	None	1	3002694	1
Akkermansia_muciniphila	GCA_018847355	Complete Genome	99.53	0.35	1	2977681	1
Akkermansia_muciniphila	GCA_018847395	Complete Genome	99.65	None	1	2965470	1
Akkermansia_muciniphila	GCA_018847435	Complete Genome	99.3	0.35	1	2798160	1
Akkermansia_muciniphila	GCA_018847455	Complete Genome	98.77	0.7	1	2798422	1
Akkermansia_muciniphila	GCA_018847475	Complete Genome	98.77	0.53	1	2803683	1
Akkermansia_muciniphila	GCA_018847495	Complete Genome	98.83	0.35	1	2803677	1
Akkermansia_muciniphila	GCA_018847515	Complete Genome	98.59	0.35	1	2803664	1
Akkermansia_muciniphila	GCA_018847535	Complete Genome	99.65	None	1	2965460	1
Akkermansia_muciniphila	GCA_018847595	Complete Genome	99.16	None	1	2788976	1
Akkermansia_muciniphila	GCA_028743255	Complete Genome	100	None	1	2851480	1
Akkermansia_muciniphila	GCA_033947425	Complete Genome	100	None	1	2840709	1
Akkermansia_muciniphila	GCA_033947545	Complete Genome	98.94	None	1	2823940	1
Akkermansia_muciniphila	GCA_036796995	Complete Genome	98.94	None	1	2806350	1
Akkermansia_muciniphila	GCA_040616545	Complete Genome	99.3	0.35	1	3055113	1
Akkermansia_muciniphila	GCA_058322775	Complete Genome	100	None	1	2792299	1
Akkermansia_muciniphila	GCA_058322795	Complete Genome	99.65	None	1	2798389	1
Clostridioides_difficile	GCA_000953275	Complete Genome	98.93	0.35	1	4293049	1
Clostridioides_difficile	GCA_001077535	Complete Genome	98.92	0.35	2	4154879	1
Clostridioides_difficile	GCA_002080065	Complete Genome	98.93	0.35	2	4300929	1
Clostridioides_difficile	GCA_003095675	Complete Genome	98.2	0.49	3	4474333	1
Clostridioides_difficile	GCA_003095695	Complete Genome	98.51	0.65	2	4289548	1
Clostridioides_difficile	GCA_003313545	Complete Genome	98.96	0.35	1	4229698	1
Clostridioides_difficile	GCA_003313565	Complete Genome	98.96	0.35	1	4263997	1
Clostridioides_difficile	GCA_003313585	Complete Genome	98.96	0.35	1	4229629	1
Clostridioides_difficile	GCA_003456975	Complete Genome	96.6	0.55	1	4247015	0
Clostridioides_difficile	GCA_003457015	Complete Genome	96.6	0.55	1	4253785	0
Clostridioides_difficile	GCA_003457035	Complete Genome	96.6	0.55	1	4253783	0
Clostridioides_difficile	GCA_003481905	Complete Genome	98.66	0.35	1	4228964	1
Clostridioides_difficile	GCA_003482345	Complete Genome	98.96	0.35	1	4240646	1
Clostridioides_difficile	GCA_015238635	Complete Genome	98.86	0.35	1	4313277	1
Clostridioides_difficile	GCA_015352155	Complete Genome	98.81	0.35	1	4256328	1
Clostridioides_difficile	GCA_018884925	Complete Genome	98.96	0.35	4	4292701	1
Clostridioides_difficile	GCA_018884965	Complete Genome	98.96	0.5	1	4321901	1
Clostridioides_difficile	GCA_018885045	Complete Genome	98.2	0.88	4	4282853	1
Clostridioides_difficile	GCA_018885065	Complete Genome	98.91	0.47	1	4251987	1
Clostridioides_difficile	GCA_018885085	Complete Genome	98.91	0.5	2	4095894	1
Clostridioides_difficile	GCA_019095765	Complete Genome	98.81	0.48	1	4242261	1
Clostridioides_difficile	GCA_022695655	Complete Genome	98.96	0.35	1	4234172	1
Clostridioides_difficile	GCA_022845595	Complete Genome	98.51	0.42	1	4293712	1
Clostridioides_difficile	GCA_024972115	Complete Genome	98.81	0.42	2	4287439	1
Clostridioides_difficile	GCA_024972275	Complete Genome	98.81	0.42	2	4302821	1
Clostridioides_difficile	GCA_024972415	Complete Genome	98.81	0.48	2	4288937	1
Clostridioides_difficile	GCA_024972555	Complete Genome	98.81	0.48	2	4338261	1
Clostridioides_difficile	GCA_025135955	Complete Genome	98.66	0.35	2	4270750	1
Clostridioides_difficile	GCA_025758205	Complete Genome	98.96	0.35	1	4233065	1
Clostridioides_difficile	GCA_037915445	Complete Genome	98.91	0.55	1	4255987	1
Clostridioides_difficile	GCA_037920665	Complete Genome	98.91	0.53	3	4426933	1
Clostridioides_difficile	GCA_037923795	Complete Genome	98.94	0.35	2	4295596	1
Clostridioides_difficile	GCA_037934445	Complete Genome	98.94	0.35	3	4289640	1
Clostridioides_difficile	GCA_037941005	Complete Genome	98.91	0.56	5	4360013	1
Clostridioides_difficile	GCA_049201125	Complete Genome	98.96	0.9	3	4447503	1
Clostridioides_difficile	GCA_049201135	Complete Genome	98.96	0.9	3	4439047	1
Clostridioides_difficile	GCA_049242515	Complete Genome	98.96	0.9	3	4439043	1
Clostridioides_difficile	GCA_049243065	Complete Genome	98.81	0.62	2	4299434	1
Clostridioides_difficile	GCA_049243115	Complete Genome	98.81	0.69	2	4369081	1
Clostridioides_difficile	GCA_049244735	Complete Genome	98.32	0.38	1	4253996	1
Clostridioides_difficile	GCA_049244755	Complete Genome	97.97	0.51	1	4351629	1
Clostridioides_difficile	GCA_052441905	Complete Genome	98.96	0.35	1	4240652	1
Clostridioides_difficile	GCA_052442795	Complete Genome	98.32	0.43	1	4312462	1
Clostridioides_difficile	GCA_054790395	Complete Genome	98.96	0.35	3	4337433	1
Clostridioides_difficile	GCA_054790585	Complete Genome	98.96	0.35	3	4337472	1
Clostridioides_difficile	GCA_054790685	Complete Genome	98.96	0.35	3	4337475	1
Clostridioides_difficile	GCA_054790695	Complete Genome	98.96	0.35	3	4417272	1
Clostridioides_difficile	GCA_057587615	Complete Genome	98.96	0.35	1	4371963	1
Clostridioides_difficile	GCA_951803555	Complete Genome	98.32	0.63	1	4318385	1
Clostridioides_difficile	GCA_963426535	Complete Genome	98.66	0.47	1	4253482	1
Cutibacterium_acnes	GCA_000231215	Complete Genome	97.59	0.37	1	2488626	1
Cutibacterium_acnes	GCA_001281065	Complete Genome	96.77	0.37	1	2522438	0
Cutibacterium_acnes	GCA_001469565	Complete Genome	96.64	0.5	2	2547961	0
Cutibacterium_acnes	GCA_001469595	Complete Genome	97.64	0.62	1	2560354	1
Cutibacterium_acnes	GCA_001469615	Complete Genome	97.4	0.62	1	2540008	1
Cutibacterium_acnes	GCA_003030305	Complete Genome	97.16	0.62	1	2495001	1
Cutibacterium_acnes	GCA_003390995	Complete Genome	97.36	0.62	1	2560321	1
Cutibacterium_acnes	GCA_003798465	Complete Genome	97.21	0.62	1	2495332	1
Cutibacterium_acnes	GCA_003812785	Complete Genome	97.47	0.62	1	2494539	1
Cutibacterium_acnes	GCA_004136195	Complete Genome	97.19	0.62	1	2495002	1
Cutibacterium_acnes	GCA_006739385	Complete Genome	97.3	0.62	1	2494738	1
Cutibacterium_acnes	GCA_008728435	Complete Genome	97.47	0.62	1	2494216	1
Cutibacterium_acnes	GCA_009177305	Complete Genome	97.51	0.62	1	2494387	1
Cutibacterium_acnes	GCA_011399315	Complete Genome	97.49	0.62	1	2494525	1
Cutibacterium_acnes	GCA_011399455	Complete Genome	97.29	1.08	1	2504552	1
Cutibacterium_acnes	GCA_021010665	Complete Genome	97.56	0.37	1	2497202	1
Cutibacterium_acnes	GCA_021010715	Complete Genome	97.79	0.62	1	2560652	1
Cutibacterium_acnes	GCA_029338475	Complete Genome	97.57	0.62	1	2494935	1
Cutibacterium_acnes	GCA_029851525	Complete Genome	97.55	0.53	1	2550536	1
Cutibacterium_acnes	GCA_029851605	Complete Genome	97.66	0.62	1	2560088	1
Cutibacterium_acnes	GCA_029851625	Complete Genome	97.18	0.62	1	2547251	1
Cutibacterium_acnes	GCA_030166615	Complete Genome	97.48	0.62	1	2560578	1
Cutibacterium_acnes	GCA_030166635	Complete Genome	97.48	0.62	1	2560819	1
Cutibacterium_acnes	GCA_030295305	Complete Genome	97.39	0.8	2	2526071	1
Cutibacterium_acnes	GCA_041410355	Complete Genome	95.37	0.64	1	2550458	0
Cutibacterium_acnes	GCA_052398825	Complete Genome	97.32	0.62	1	2494909	1
Cutibacterium_acnes	GCA_056816635	Complete Genome	97.66	0.83	1	2543211	1
Cutibacterium_acnes	GCA_057198095	Complete Genome	97.83	0.62	1	2493601	1
Cutibacterium_acnes	GCA_057198105	Complete Genome	97.83	0.62	1	2493532	1
Cutibacterium_acnes	GCA_057198235	Complete Genome	97.44	0.62	1	2494996	1
Cutibacterium_acnes	GCA_057198265	Complete Genome	97.75	0.62	1	2494430	1
Cutibacterium_acnes	GCA_057198275	Complete Genome	96.75	0.64	1	2546209	0
Cutibacterium_acnes	GCA_057457935	Complete Genome	97.45	0.62	1	2494547	1
Cutibacterium_acnes	GCA_057457945	Complete Genome	97.45	0.62	1	2494578	1
Cutibacterium_acnes	GCA_057501535	Complete Genome	97.81	0.62	2	2547122	1
Cutibacterium_acnes	GCA_057501775	Complete Genome	94.19	0.64	1	2550488	0
Cutibacterium_acnes	GCA_057584575	Complete Genome	97.51	0.62	1	2494829	1
Cutibacterium_acnes	GCA_057584585	Complete Genome	97.21	0.62	1	2494748	1
Cutibacterium_acnes	GCA_057584595	Complete Genome	97.83	0.62	1	2493582	1
Cutibacterium_acnes	GCA_057584865	Complete Genome	97.4	0.59	1	2498163	1
Cutibacterium_acnes	GCA_057584875	Complete Genome	97.78	0.62	1	2497731	1
Cutibacterium_acnes	GCA_057584885	Complete Genome	97.72	0.62	1	2497784	1
Cutibacterium_acnes	GCA_058137405	Complete Genome	97.42	0.62	1	2493969	1
Cutibacterium_acnes	GCA_058178805	Complete Genome	97.3	0.62	1	2494949	1
Cutibacterium_acnes	GCA_058179315	Complete Genome	97.33	0.62	1	2494954	1
Cutibacterium_acnes	GCA_058180565	Complete Genome	97.32	0.62	1	2499814	1
Cutibacterium_acnes	GCA_058182115	Complete Genome	97.7	0.62	1	2493630	1
Cutibacterium_acnes	GCA_058182125	Complete Genome	96.76	0.62	1	2523454	0
Cutibacterium_acnes	GCA_058182135	Complete Genome	96.76	0.62	2	2527748	0
Cutibacterium_acnes	GCA_058182275	Complete Genome	97.26	0.62	1	2498166	1
Escherichia_coli	GCA_000005845	Complete Genome	99.48	0.15	1	4641652	1
Escherichia_coli	GCA_000008865	Complete Genome	99.51	0.15	3	5594605	1
Escherichia_coli	GCA_000010385	Complete Genome	99.52	0.21	7	5155626	1
Escherichia_coli	GCA_000013265	Complete Genome	99.22	0.21	2	5179971	1
Escherichia_coli	GCA_000019645	Complete Genome	98.81	1.03	5	5215377	1
Escherichia_coli	GCA_000210475	Complete Genome	99.1	0.19	5	5325888	1
Escherichia_coli	GCA_001721125	Complete Genome	99.33	0.66	1	5704396	1
Escherichia_coli	GCA_002853715	Complete Genome	99.43	1.1	3	5145882	1
Escherichia_coli	GCA_003018035	Complete Genome	99.19	0.71	2	5901472	1
Escherichia_coli	GCA_003018455	Complete Genome	99.05	0.77	3	6156163	1
Escherichia_coli	GCA_003697165	Complete Genome	99.09	0.45	2	5034834	1
Escherichia_coli	GCA_014058445	Complete Genome	98.57	0.73	7	5936184	1
Escherichia_coli	GCA_024300685	Complete Genome	99.27	0.71	6	5955072	1
Escherichia_coli	GCA_027925505	Complete Genome	99.08	0.9	3	5905973	1
Escherichia_coli	GCA_027925565	Complete Genome	99.31	0.73	3	5922257	1
Escherichia_coli	GCA_027925745	Complete Genome	98.74	0.73	5	6113694	1
Escherichia_coli	GCA_027925765	Complete Genome	99.25	0.73	4	5965160	1
Escherichia_coli	GCA_027925785	Complete Genome	99.15	0.75	3	5819666	1
Escherichia_coli	GCA_027925805	Complete Genome	99.31	0.65	3	5847772	1
Escherichia_coli	GCA_027925825	Complete Genome	99.31	0.73	6	6107920	1
Escherichia_coli	GCA_027925845	Complete Genome	99.31	0.71	5	5882574	1
Escherichia_coli	GCA_032382315	Complete Genome	99.08	1.47	9	6025461	1
Escherichia_coli	GCA_040571355	Complete Genome	99.1	0.87	2	5893015	1
Escherichia_coli	GCA_044324875	Complete Genome	98.53	1.48	9	6140271	1
Escherichia_coli	GCA_048568925	Complete Genome	99.29	0.71	3	5785358	1
Escherichia_coli	GCA_048568945	Complete Genome	99.31	0.8	4	6125207	1
Escherichia_coli	GCA_048568955	Complete Genome	99.12	0.74	4	6030910	1
Escherichia_coli	GCA_048568965	Complete Genome	99.12	0.74	4	6030909	1
Escherichia_coli	GCA_048568975	Complete Genome	99.14	2.3	6	6060170	1
Escherichia_coli	GCA_048569005	Complete Genome	99.31	0.71	4	5806684	1
Escherichia_coli	GCA_048569015	Complete Genome	99.31	0.73	4	5891131	1
Escherichia_coli	GCA_048571305	Complete Genome	99.28	0.71	4	5844742	1
Escherichia_coli	GCA_048571315	Complete Genome	99.31	0.71	3	5869613	1
Escherichia_coli	GCA_048571415	Complete Genome	99.31	0.71	5	5813383	1
Escherichia_coli	GCA_048571425	Complete Genome	99.22	0.73	5	5917789	1
Escherichia_coli	GCA_048571515	Complete Genome	99.26	0.71	3	5836266	1
Escherichia_coli	GCA_048571525	Complete Genome	99.31	0.71	4	5890207	1
Escherichia_coli	GCA_048571565	Complete Genome	99.31	0.8	4	6121892	1
Escherichia_coli	GCA_048571605	Complete Genome	99.31	0.71	3	5839415	1
Escherichia_coli	GCA_048571635	Complete Genome	99.06	0.65	2	5860824	1
Escherichia_coli	GCA_048571645	Complete Genome	99.31	0.82	4	6123271	1
Escherichia_coli	GCA_048571655	Complete Genome	99.28	0.71	4	5804133	1
Escherichia_coli	GCA_048571795	Complete Genome	99.29	0.71	3	5811314	1
Escherichia_coli	GCA_048571805	Complete Genome	99.18	0.71	5	5859117	1
Escherichia_coli	GCA_048571815	Complete Genome	99.31	0.71	3	5842718	1
Escherichia_coli	GCA_048571825	Complete Genome	99.31	0.71	4	5815171	1
Escherichia_coli	GCA_048571835	Complete Genome	99.2	0.81	6	5978024	1
Escherichia_coli	GCA_051012485	Complete Genome	99.14	0.89	4	5894617	1
Escherichia_coli	GCA_053078305	Complete Genome	99.31	1.53	5	6250413	1
Escherichia_coli	GCA_055379255	Complete Genome	99.31	0.32	3	5787509	1
Fusobacterium_nucleatum	GCA_003019295	Complete Genome	98.5	0.12	1	2180101	1
Fusobacterium_nucleatum	GCA_028621975	Complete Genome	99.06	0.43	1	2194806	1
Fusobacterium_nucleatum	GCA_028621995	Complete Genome	93.49	1.31	1	2057857	0
Fusobacterium_nucleatum	GCA_031191795	Complete Genome	98.89	0.12	1	2181492	1
Fusobacterium_nucleatum	GCA_037889055	Complete Genome	97.98	0.19	1	2307630	1
Fusobacterium_nucleatum	GCA_037889065	Complete Genome	92.71	1.26	1	2141381	0
Fusobacterium_nucleatum	GCA_037889095	Complete Genome	93.58	0.64	1	2160860	0
Fusobacterium_nucleatum	GCA_037889105	Complete Genome	93.52	0.9	1	1909786	0
Fusobacterium_nucleatum	GCA_037889115	Complete Genome	94.24	1	1	2211312	0
Fusobacterium_nucleatum	GCA_037889125	Complete Genome	98.86	0.34	1	2268467	1
Fusobacterium_nucleatum	GCA_037889135	Complete Genome	93.35	0.96	1	2104048	0
Fusobacterium_nucleatum	GCA_037889145	Complete Genome	93.76	0.45	1	2052412	0
Fusobacterium_nucleatum	GCA_037889155	Complete Genome	94.23	0.45	1	2147387	0
Fusobacterium_nucleatum	GCA_037889165	Complete Genome	93.91	0.68	1	2060938	0
Fusobacterium_nucleatum	GCA_037889175	Complete Genome	98.37	1.33	1	2372993	1
Fusobacterium_nucleatum	GCA_037889185	Complete Genome	93.58	1.1	1	2107853	0
Fusobacterium_nucleatum	GCA_037889195	Complete Genome	93.5	0.99	1	2148184	0
Fusobacterium_nucleatum	GCA_037889205	Complete Genome	93.78	1.36	1	2142942	0
Fusobacterium_nucleatum	GCA_037889215	Complete Genome	94.37	1.81	1	2065444	0
Fusobacterium_nucleatum	GCA_037889225	Complete Genome	93.88	0.84	1	2080509	0
Fusobacterium_nucleatum	GCA_037889235	Complete Genome	99.02	1.55	1	2316559	1
Fusobacterium_nucleatum	GCA_037889245	Complete Genome	93.52	0.48	1	2108315	0
Fusobacterium_nucleatum	GCA_037889255	Complete Genome	97.19	0.78	1	2131437	1
Fusobacterium_nucleatum	GCA_037889265	Complete Genome	93.13	0.93	1	2037865	0
Fusobacterium_nucleatum	GCA_037889285	Complete Genome	98.63	1.35	1	2465284	1
Fusobacterium_nucleatum	GCA_037889315	Complete Genome	97.16	0.22	1	2132317	1
Fusobacterium_nucleatum	GCA_037889325	Complete Genome	98.58	0.8	1	2328800	1
Fusobacterium_nucleatum	GCA_037889335	Complete Genome	93.57	0.89	2	2052086	0
Fusobacterium_nucleatum	GCA_037889345	Complete Genome	93.32	1.03	1	2038899	0
Fusobacterium_nucleatum	GCA_037889365	Complete Genome	93.52	0.84	1	2089824	0
Fusobacterium_nucleatum	GCA_037889375	Complete Genome	98.88	1.19	1	2326553	1
Fusobacterium_nucleatum	GCA_037889385	Complete Genome	97.2	0.15	1	2155951	1
Fusobacterium_nucleatum	GCA_037890135	Complete Genome	98.38	1.1	1	2081548	1
Fusobacterium_nucleatum	GCA_037900345	Complete Genome	97.68	0.12	1	2180116	1
Fusobacterium_nucleatum	GCA_037951365	Complete Genome	98.86	0.16	1	2211334	1
Fusobacterium_nucleatum	GCA_037952305	Complete Genome	98.96	0.64	1	2254946	1
Fusobacterium_nucleatum	GCA_037953125	Complete Genome	98.43	0.19	1	2188825	1
Fusobacterium_nucleatum	GCA_037953935	Complete Genome	94.17	0.33	1	2055381	0
Fusobacterium_nucleatum	GCA_037954595	Complete Genome	93.23	1.26	1	2075339	0
Fusobacterium_nucleatum	GCA_037954885	Complete Genome	94.85	0.84	1	2100970	0
Fusobacterium_nucleatum	GCA_037955165	Complete Genome	94.05	0.68	1	2146718	0
Fusobacterium_nucleatum	GCA_037955445	Complete Genome	97.96	0.12	1	2200008	1
Fusobacterium_nucleatum	GCA_037975335	Complete Genome	93.7	0.5	1	2188487	0
Fusobacterium_nucleatum	GCA_048313075	Complete Genome	98.34	0.44	1	2322086	1
Fusobacterium_nucleatum	GCA_050231725	Complete Genome	92.17	0.51	1	1852981	0
Fusobacterium_nucleatum	GCA_050233295	Complete Genome	98.47	0.34	1	2268482	1
Fusobacterium_nucleatum	GCA_050920715	Complete Genome	98.89	0.12	1	2181504	1
Fusobacterium_nucleatum	GCA_056333145	Complete Genome	98.5	0.12	1	2180128	1
Fusobacterium_nucleatum	GCA_902381645	Complete Genome	97.16	1.75	1	2268272	1
Fusobacterium_nucleatum	GCA_964642115	Complete Genome	98	0.12	1	2166339	1
Klebsiella_pneumoniae	GCA_000240185	Complete Genome	97.27	0.79	7	5682322	1
Klebsiella_pneumoniae	GCA_002156725	Complete Genome	98.78	0.21	4	5896654	1
Klebsiella_pneumoniae	GCA_002156745	Complete Genome	98.81	0.71	6	5965284	1
Klebsiella_pneumoniae	GCA_002202195	Complete Genome	98.76	1.99	5	6054276	1
Klebsiella_pneumoniae	GCA_002761315	Complete Genome	96.79	0.21	1	5633290	0
Klebsiella_pneumoniae	GCA_002903005	Complete Genome	98.63	1.83	6	6209759	1
Klebsiella_pneumoniae	GCA_006364295	Complete Genome	95.57	0.75	5	5573867	0
Klebsiella_pneumoniae	GCA_011045595	Complete Genome	98.46	1.38	1	5803733	1
Klebsiella_pneumoniae	GCA_011066505	Complete Genome	98.93	0.42	4	5743792	1
Klebsiella_pneumoniae	GCA_017809835	Complete Genome	98.03	1.03	4	5864329	1
Klebsiella_pneumoniae	GCA_018128465	Complete Genome	98.77	1.79	4	5857083	1
Klebsiella_pneumoniae	GCA_018604345	Complete Genome	97.81	0.48	3	5913209	1
Klebsiella_pneumoniae	GCA_019823765	Complete Genome	99.07	0.25	4	5806059	1
Klebsiella_pneumoniae	GCA_019823805	Complete Genome	99.07	0.25	4	5803511	1
Klebsiella_pneumoniae	GCA_019823835	Complete Genome	98.81	0.79	5	6021475	1
Klebsiella_pneumoniae	GCA_019823875	Complete Genome	98.96	0.42	4	5773264	1
Klebsiella_pneumoniae	GCA_019823915	Complete Genome	99.07	1.05	5	6005752	1
Klebsiella_pneumoniae	GCA_019823935	Complete Genome	99.07	0.79	5	6013359	1
Klebsiella_pneumoniae	GCA_020911805	Complete Genome	98.27	0.81	1	5692842	1
Klebsiella_pneumoniae	GCA_022699305	Complete Genome	98.82	1.28	2	6069456	1
Klebsiella_pneumoniae	GCA_022699345	Complete Genome	98.56	1.28	2	6075254	1
Klebsiella_pneumoniae	GCA_022749215	Complete Genome	98.82	1.28	2	6058685	1
Klebsiella_pneumoniae	GCA_022869665	Complete Genome	95.57	0.75	5	5563484	0
Klebsiella_pneumoniae	GCA_023913575	Complete Genome	98.31	1.79	4	6135329	1
Klebsiella_pneumoniae	GCA_024346895	Complete Genome	98.46	0.42	4	5736410	1
Klebsiella_pneumoniae	GCA_024496165	Complete Genome	99.05	0.8	8	6033386	1
Klebsiella_pneumoniae	GCA_027595645	Complete Genome	98.94	0.21	4	5896689	1
Klebsiella_pneumoniae	GCA_027942195	Complete Genome	98.29	0.68	2	5746888	1
Klebsiella_pneumoniae	GCA_027942215	Complete Genome	98.81	0.4	5	6054067	1
Klebsiella_pneumoniae	GCA_028471925	Complete Genome	99.07	2.28	6	6084045	1
Klebsiella_pneumoniae	GCA_030845935	Complete Genome	98.81	0.62	4	5828359	1
Klebsiella_pneumoniae	GCA_040047695	Complete Genome	99.05	0.55	7	6297581	1
Klebsiella_pneumoniae	GCA_043187905	Complete Genome	98.98	0.43	4	5879826	1
Klebsiella_pneumoniae	GCA_046619595	Complete Genome	98.4	0.7	2	5832049	1
Klebsiella_pneumoniae	GCA_048961785	Complete Genome	97.98	1.32	2	5684229	1
Klebsiella_pneumoniae	GCA_048961795	Complete Genome	98.32	1.32	2	5684912	1
Klebsiella_pneumoniae	GCA_050156185	Complete Genome	99.07	0.72	3	5959413	1
Klebsiella_pneumoniae	GCA_050809835	Complete Genome	97.9	0.99	3	5784635	1
Klebsiella_pneumoniae	GCA_052906805	Complete Genome	98.81	0.78	6	6142362	1
Klebsiella_pneumoniae	GCA_053128315	Complete Genome	99.07	0.43	3	5777762	1
Klebsiella_pneumoniae	GCA_054693465	Complete Genome	98.27	1.25	4	5791791	1
Klebsiella_pneumoniae	GCA_055901155	Complete Genome	98.86	1.16	5	5661098	1
Klebsiella_pneumoniae	GCA_057220915	Complete Genome	98.67	1.61	5	6078386	1
Klebsiella_pneumoniae	GCA_057812305	Complete Genome	99.07	0.42	4	5758593	1
Klebsiella_pneumoniae	GCA_057929645	Complete Genome	97.72	1.24	6	6008208	1
Klebsiella_pneumoniae	GCA_058145555	Complete Genome	98.81	1.32	4	5789766	1
Klebsiella_pneumoniae	GCA_058145595	Complete Genome	98.81	1.32	4	5792544	1
Klebsiella_pneumoniae	GCA_058145615	Complete Genome	98.72	1.32	4	5815249	1
Klebsiella_pneumoniae	GCA_058145635	Complete Genome	98.81	1.32	4	5789767	1
Klebsiella_pneumoniae	GCA_963854595	Complete Genome	97.13	1.76	6	5820489	1
Lactiplantibacillus_plantarum	GCA_001672035	Complete Genome	99.35	1.39	1	3354689	1
Lactiplantibacillus_plantarum	GCA_001704315	Complete Genome	99.35	2.04	4	3692742	1
Lactiplantibacillus_plantarum	GCA_001704335	Complete Genome	99.35	1.39	4	3697306	1
Lactiplantibacillus_plantarum	GCA_002005385	Complete Genome	99.02	1.39	1	3311056	1
Lactiplantibacillus_plantarum	GCA_002220175	Complete Genome	99.35	1.39	1	3325676	1
Lactiplantibacillus_plantarum	GCA_002290185	Complete Genome	98.47	1.39	5	3581586	1
Lactiplantibacillus_plantarum	GCA_002576835	Complete Genome	99.35	1.39	3	3452904	1
Lactiplantibacillus_plantarum	GCA_002868775	Complete Genome	98.93	1.39	2	3373076	1
Lactiplantibacillus_plantarum	GCA_003345375	Complete Genome	99.29	1.39	2	3387168	1
Lactiplantibacillus_plantarum	GCA_004103495	Complete Genome	98.91	1.39	1	3301805	1
Lactiplantibacillus_plantarum	GCA_004103515	Complete Genome	98.51	1.39	2	3316671	1
Lactiplantibacillus_plantarum	GCA_004730965	Complete Genome	98.91	3.02	1	3534932	1
Lactiplantibacillus_plantarum	GCA_009762745	Complete Genome	99.02	1.72	2	3332776	1
Lactiplantibacillus_plantarum	GCA_009913655	Complete Genome	99.02	1.72	1	3223643	1
Lactiplantibacillus_plantarum	GCA_010586945	Complete Genome	99.02	1.72	2	3356433	1
Lactiplantibacillus_plantarum	GCA_013155145	Complete Genome	99.02	1.39	1	3327596	1
Lactiplantibacillus_plantarum	GCA_013487805	Complete Genome	99.35	1.39	3	3470030	1
Lactiplantibacillus_plantarum	GCA_014131735	Complete Genome	99.02	1.39	2	3250154	1
Lactiplantibacillus_plantarum	GCA_015693925	Complete Genome	99.35	1.39	1	3304282	1
Lactiplantibacillus_plantarum	GCA_017798305	Complete Genome	99.35	1.82	2	3344312	1
Lactiplantibacillus_plantarum	GCA_018351295	Complete Genome	99.02	1.72	3	3353701	1
Lactiplantibacillus_plantarum	GCA_023973045	Complete Genome	99.02	1.72	2	3333079	1
Lactiplantibacillus_plantarum	GCA_025144505	Complete Genome	99.35	1.39	1	3322298	1
Lactiplantibacillus_plantarum	GCA_026153115	Complete Genome	99.02	1.39	3	3375711	1
Lactiplantibacillus_plantarum	GCA_027557615	Complete Genome	99	1.39	1	3304210	1
Lactiplantibacillus_plantarum	GCA_028869445	Complete Genome	99.02	1.82	4	3394761	1
Lactiplantibacillus_plantarum	GCA_029814785	Complete Genome	99.35	1.39	1	3304253	1
Lactiplantibacillus_plantarum	GCA_029834415	Complete Genome	99.35	1.39	1	3304238	1
Lactiplantibacillus_plantarum	GCA_029855105	Complete Genome	99.35	1.39	3	3474597	1
Lactiplantibacillus_plantarum	GCA_030253605	Complete Genome	99.35	1.39	3	3441908	1
Lactiplantibacillus_plantarum	GCA_030297695	Complete Genome	99.02	1.39	1	3296119	1
Lactiplantibacillus_plantarum	GCA_031597175	Complete Genome	99.35	1.72	3	3396872	1
Lactiplantibacillus_plantarum	GCA_036255815	Complete Genome	99.35	1.82	1	3308302	1
Lactiplantibacillus_plantarum	GCA_039725565	Complete Genome	99.35	1.39	3	3427597	1
Lactiplantibacillus_plantarum	GCA_041531555	Complete Genome	99.35	1.39	5	3431435	1
Lactiplantibacillus_plantarum	GCA_044590115	Complete Genome	99.35	1.39	3	3458350	1
Lactiplantibacillus_plantarum	GCA_049177205	Complete Genome	99.02	1.39	7	3520032	1
Lactiplantibacillus_plantarum	GCA_049241955	Complete Genome	99.02	1.39	4	3502836	1
Lactiplantibacillus_plantarum	GCA_049330845	Complete Genome	98.69	1.82	1	3306720	1
Lactiplantibacillus_plantarum	GCA_049477935	Complete Genome	99.02	1.39	1	3317947	1
Lactiplantibacillus_plantarum	GCA_052692365	Complete Genome	99.02	1.41	1	3356384	1
Lactiplantibacillus_plantarum	GCA_055234055	Complete Genome	99.02	1.72	2	3394707	1
Lactiplantibacillus_plantarum	GCA_056175105	Complete Genome	99.02	1.5	1	3324247	1
Lactiplantibacillus_plantarum	GCA_057418965	Complete Genome	99.35	1.82	2	3380435	1
Lactiplantibacillus_plantarum	GCA_057736435	Complete Genome	99.35	1.39	3	3544437	1
Lactiplantibacillus_plantarum	GCA_057785035	Complete Genome	99.35	1.39	4	3390765	1
Lactiplantibacillus_plantarum	GCA_057786755	Complete Genome	99.02	1.39	1	3347625	1
Lactiplantibacillus_plantarum	GCA_057815115	Complete Genome	97.6	4.77	1	3497612	1
Lactiplantibacillus_plantarum	GCA_058134955	Complete Genome	99.35	1.39	4	3453080	1
Lactiplantibacillus_plantarum	GCA_058135485	Complete Genome	99.35	1.39	4	3406123	1
Mycobacterium_tuberculosis	GCA_000195955	Complete Genome	97.78	0.37	1	4411532	1
Mycobacterium_tuberculosis	GCA_000277735	Complete Genome	97.78	0.37	1	4411709	1
Mycobacterium_tuberculosis	GCA_001708265	Complete Genome	97.64	0.37	1	4439387	1
Mycobacterium_tuberculosis	GCA_002072775	Complete Genome	97.09	0.63	1	4433542	1
Mycobacterium_tuberculosis	GCA_002116775	Complete Genome	97.41	1.19	1	4441591	1
Mycobacterium_tuberculosis	GCA_002116835	Complete Genome	97.41	1.11	1	4444417	1
Mycobacterium_tuberculosis	GCA_009730215	Complete Genome	97.78	0.37	1	4441988	1
Mycobacterium_tuberculosis	GCA_009730235	Complete Genome	96.4	0.37	1	4434666	0
Mycobacterium_tuberculosis	GCA_014899465	Complete Genome	96.98	0.63	1	4433058	0
Mycobacterium_tuberculosis	GCA_014899705	Complete Genome	96.49	0.37	1	4438102	0
Mycobacterium_tuberculosis	GCA_014899965	Complete Genome	97.32	0.37	1	4447644	1
Mycobacterium_tuberculosis	GCA_014899985	Complete Genome	97.78	0.37	1	4450340	1
Mycobacterium_tuberculosis	GCA_014900005	Complete Genome	97.34	0.37	1	4433503	1
Mycobacterium_tuberculosis	GCA_014900135	Complete Genome	97.25	0.37	1	4438223	1
Mycobacterium_tuberculosis	GCA_014900215	Complete Genome	97.25	0.37	1	4438363	1
Mycobacterium_tuberculosis	GCA_014900235	Complete Genome	97.19	0.37	1	4438281	1
Mycobacterium_tuberculosis	GCA_014900255	Complete Genome	96.8	0.37	1	4438366	0
Mycobacterium_tuberculosis	GCA_014900275	Complete Genome	96.47	0.37	1	4438339	0
Mycobacterium_tuberculosis	GCA_014900295	Complete Genome	97.25	0.37	1	4438299	1
Mycobacterium_tuberculosis	GCA_014900555	Complete Genome	96.32	0.37	1	4444842	0
Mycobacterium_tuberculosis	GCA_014900755	Complete Genome	95.72	0.31	1	4434707	0
Mycobacterium_tuberculosis	GCA_017901035	Complete Genome	97.78	0.77	1	4432513	1
Mycobacterium_tuberculosis	GCA_017901095	Complete Genome	97.78	1.06	1	4459449	1
Mycobacterium_tuberculosis	GCA_021559895	Complete Genome	97.24	0.37	1	4438262	1
Mycobacterium_tuberculosis	GCA_022870365	Complete Genome	96.58	0.37	1	4438446	0
Mycobacterium_tuberculosis	GCA_030566105	Complete Genome	96.7	1.38	1	4459087	0
Mycobacterium_tuberculosis	GCA_030566675	Complete Genome	95.66	0.74	1	4516435	0
Mycobacterium_tuberculosis	GCA_033124885	Complete Genome	97.57	0.37	1	4456234	1
Mycobacterium_tuberculosis	GCA_033125685	Complete Genome	97.71	0.37	1	4442985	1
Mycobacterium_tuberculosis	GCA_037942495	Complete Genome	97.09	0.63	1	4433542	1
Mycobacterium_tuberculosis	GCA_040208985	Complete Genome	97.6	0.37	1	4445673	1
Mycobacterium_tuberculosis	GCA_040208995	Complete Genome	97.78	0.37	1	4448271	1
Mycobacterium_tuberculosis	GCA_040209205	Complete Genome	97.78	0.37	1	4443964	1
Mycobacterium_tuberculosis	GCA_040209215	Complete Genome	97.43	0.37	1	4435660	1
Mycobacterium_tuberculosis	GCA_040209325	Complete Genome	97.86	0.37	1	4445477	1
Mycobacterium_tuberculosis	GCA_040209395	Complete Genome	97.43	0.37	1	4432855	1
Mycobacterium_tuberculosis	GCA_963525475	Complete Genome	97.78	0.37	1	4469156	1
Mycobacterium_tuberculosis	GCA_965122945	Complete Genome	97.17	0.37	1	4432521	1
Mycobacterium_tuberculosis	GCA_965124815	Complete Genome	97	0.37	1	4432578	1
Mycobacterium_tuberculosis	GCA_977011255	Complete Genome	96.32	0.37	1	4436263	0
Mycobacterium_tuberculosis	GCA_977011325	Complete Genome	96.54	0.37	1	4435992	0
Mycobacterium_tuberculosis	GCA_977011365	Complete Genome	96.51	0.37	1	4441557	0
Mycobacterium_tuberculosis	GCA_977011375	Complete Genome	96.58	0.37	1	4435715	0
Mycobacterium_tuberculosis	GCA_977011385	Complete Genome	96.86	0.37	1	4437032	0
Mycobacterium_tuberculosis	GCA_977011505	Complete Genome	96.45	0.37	1	4436271	0
Mycobacterium_tuberculosis	GCA_977011525	Complete Genome	96.45	0.37	1	4439512	0
Mycobacterium_tuberculosis	GCA_977011535	Complete Genome	96.58	0.37	1	4436547	0
Mycobacterium_tuberculosis	GCA_977011565	Complete Genome	96.58	0.37	1	4437712	0
Mycobacterium_tuberculosis	GCA_977011575	Complete Genome	96.51	0.37	1	4441718	0
Mycobacterium_tuberculosis	GCA_977011605	Complete Genome	96.58	0.37	1	4442717	0
Phocaeicola_dorei	GCA_000156075	Scaffold	99.82	None	122	5566217	0
Phocaeicola_dorei	GCA_000738045	Complete Genome	None	None	1	5729085	1
Phocaeicola_dorei	GCA_000738065	Complete Genome	None	None	1	5243219	1
Phocaeicola_dorei	GCA_001274835	Complete Genome	None	None	1	5444912	1
Phocaeicola_dorei	GCA_001640865	Complete Genome	98.76	None	1	5310365	1
Phocaeicola_dorei	GCA_013009555	Complete Genome	99.47	None	1	5625488	1
Phocaeicola_dorei	GCA_013009675	Complete Genome	100	None	1	5511747	1
Phocaeicola_dorei	GCA_013009875	Complete Genome	100	None	1	5515594	1
Phocaeicola_dorei	GCA_013010095	Complete Genome	100	None	1	5510617	1
Phocaeicola_dorei	GCA_013010255	Complete Genome	99.65	0.35	1	5575489	1
Phocaeicola_dorei	GCA_013010365	Complete Genome	99.65	0.35	1	5571237	1
Phocaeicola_dorei	GCA_015548855	Scaffold	100	0.18	46	5261451	0
Phocaeicola_dorei	GCA_016888505	Scaffold	100	0.71	7	5672585	0
Phocaeicola_dorei	GCA_018292105	Complete Genome	100	None	5	5809409	1
Phocaeicola_dorei	GCA_025146415	Complete Genome	99.47	None	1	5625379	1
Phocaeicola_dorei	GCA_025916455	Chromosome	100	None	68	5301996	1
Phocaeicola_dorei	GCA_027662635	Scaffold	100	None	54	5359968	0
Phocaeicola_dorei	GCA_027662725	Scaffold	100	None	50	5361009	0
Phocaeicola_dorei	GCA_027684005	Scaffold	100	0.18	45	5051159	0
Phocaeicola_dorei	GCA_030122665	Complete Genome	74.44	1.78	2	5565570	0
Phocaeicola_dorei	GCA_030122685	Complete Genome	51.5	1.78	2	5572610	0
Phocaeicola_dorei	GCA_039756135	Scaffold	100	None	63	5256182	0
Phocaeicola_dorei	GCA_039756215	Scaffold	100	None	60	5257082	0
Phocaeicola_dorei	GCA_047310805	Scaffold	99.65	0.35	65	5554798	0
Phocaeicola_dorei	GCA_902387545	Complete Genome	99.65	None	1	5444912	1
Phocaeicola_dorei	GCA_964238295	Scaffold	100	0.35	61	5587178	0
Phocaeicola_dorei	GCA_964238415	Scaffold	100	0.35	55	5587575	0
Phocaeicola_dorei	GCA_964238425	Scaffold	100	0.35	54	5587854	0
Phocaeicola_dorei	GCA_964239535	Scaffold	100	1.06	62	5765888	0
Phocaeicola_dorei	GCA_964239775	Scaffold	100	None	44	4901656	0
Phocaeicola_dorei	GCA_964241085	Scaffold	100	None	41	4902809	0
Phocaeicola_dorei	GCA_964241115	Scaffold	100	0.35	60	5586768	0
Phocaeicola_dorei	GCA_964241455	Scaffold	100	0.35	56	5587517	0
Phocaeicola_dorei	GCA_964245165	Scaffold	100	None	49	5392265	0
Phocaeicola_dorei	GCA_964246385	Scaffold	100	None	44	5390883	0
Phocaeicola_dorei	GCA_964248085	Scaffold	100	None	50	5393653	0
Phocaeicola_dorei	GCA_964264565	Complete Genome	None	None	1	43396	1
Porphyromonas_gingivalis	GCA_000007585	Complete Genome	98.69	0.48	1	2343476	1
Porphyromonas_gingivalis	GCA_000010505	Complete Genome	98	0.55	1	2354886	1
Porphyromonas_gingivalis	GCA_000270225	Complete Genome	98.64	0.45	1	2339898	1
Porphyromonas_gingivalis	GCA_001263815	Complete Genome	98.69	0.48	1	2367029	1
Porphyromonas_gingivalis	GCA_001274615	Complete Genome	98.62	0.48	1	2372492	1
Porphyromonas_gingivalis	GCA_001314265	Complete Genome	98.1	0.65	1	2378872	1
Porphyromonas_gingivalis	GCA_001444325	Complete Genome	96.56	0.65	1	2249024	0
Porphyromonas_gingivalis	GCA_002753935	Complete Genome	98.62	0.96	1	2359159	1
Porphyromonas_gingivalis	GCA_002753955	Complete Genome	98.79	0.55	1	2469365	1
Porphyromonas_gingivalis	GCA_002753975	Complete Genome	98.67	0.41	1	2478317	1
Porphyromonas_gingivalis	GCA_002754015	Complete Genome	98.54	0.65	1	2374087	1
Porphyromonas_gingivalis	GCA_002754035	Complete Genome	98.5	0.82	1	2353912	1
Porphyromonas_gingivalis	GCA_002754055	Complete Genome	98.37	0.3	1	2463791	1
Porphyromonas_gingivalis	GCA_002754075	Complete Genome	98.62	0.3	1	2482917	1
Porphyromonas_gingivalis	GCA_002754095	Complete Genome	98.6	0.54	1	2353520	1
Porphyromonas_gingivalis	GCA_002754115	Complete Genome	98.64	0.92	1	2476166	1
Porphyromonas_gingivalis	GCA_002754135	Complete Genome	98.55	0.89	1	2410673	1
Porphyromonas_gingivalis	GCA_002754155	Complete Genome	98.55	0.77	1	2254720	1
Porphyromonas_gingivalis	GCA_002892555	Complete Genome	98.64	0.45	1	2334880	1
Porphyromonas_gingivalis	GCA_002892575	Complete Genome	98	0.55	1	2379874	1
Porphyromonas_gingivalis	GCA_002892595	Complete Genome	98.69	0.48	1	2343999	1
Porphyromonas_gingivalis	GCA_018141745	Complete Genome	98.59	0.94	1	2411481	1
Porphyromonas_gingivalis	GCA_018141765	Complete Genome	98.59	0.94	1	2411440	1
Porphyromonas_gingivalis	GCA_018141805	Complete Genome	98.11	0.64	1	2375739	1
Porphyromonas_gingivalis	GCA_023822425	Complete Genome	98.66	0.48	1	2345841	1
Porphyromonas_gingivalis	GCA_023822445	Complete Genome	98.15	0.48	1	2333418	1
Porphyromonas_gingivalis	GCA_023822465	Complete Genome	98.15	0.48	1	2332345	1
Porphyromonas_gingivalis	GCA_028335085	Complete Genome	98.37	1.01	1	2621167	1
Porphyromonas_gingivalis	GCA_028335105	Complete Genome	98.69	2.54	1	2392749	1
Porphyromonas_gingivalis	GCA_028335125	Complete Genome	98.45	0.68	1	2521435	1
Porphyromonas_gingivalis	GCA_030144345	Complete Genome	98.02	0.38	1	2408275	1
Porphyromonas_gingivalis	GCA_030252365	Complete Genome	98.2	0.38	1	2406591	1
Porphyromonas_gingivalis	GCA_030440475	Complete Genome	98.04	0.55	1	2515718	1
Porphyromonas_gingivalis	GCA_030440495	Complete Genome	98.04	0.55	1	2515721	1
Porphyromonas_gingivalis	GCA_055523395	Complete Genome	97.18	1.63	1	2428669	1
Porphyromonas_gingivalis	GCA_055523415	Complete Genome	97.33	0.57	1	2345074	1
Porphyromonas_gingivalis	GCA_055523435	Complete Genome	96.64	0.72	1	2454845	0
Porphyromonas_gingivalis	GCA_055523455	Complete Genome	97.71	0.48	1	2389593	1
Porphyromonas_gingivalis	GCA_055523465	Complete Genome	97.2	0.28	1	2403566	1
Porphyromonas_gingivalis	GCA_057218255	Complete Genome	98.46	0.55	1	2356272	1
Porphyromonas_gingivalis	GCA_057218265	Complete Genome	98.07	0.65	1	2356511	1
Porphyromonas_gingivalis	GCA_057218275	Complete Genome	97.83	0.72	1	2356624	1
Porphyromonas_gingivalis	GCA_057218315	Complete Genome	97.78	0.82	1	2356544	1
Porphyromonas_gingivalis	GCA_057220515	Complete Genome	97.89	0.48	1	2356385	1
Porphyromonas_gingivalis	GCA_057220555	Complete Genome	98.52	0.89	1	2356389	1
Prevotella_copri	GCA_000157935	Scaffold	98.88	0.67	73	3512473	0
Prevotella_copri	GCA_003437315	Scaffold	99.05	0.34	139	3693570	0
Prevotella_copri	GCA_003438885	Scaffold	99.55	0.34	148	3612475	0
Prevotella_copri	GCA_003459205	Scaffold	99.55	0.84	217	3868997	0
Prevotella_copri	GCA_003464975	Scaffold	99.38	0.5	164	3912809	0
Prevotella_copri	GCA_003465445	Scaffold	99.55	None	163	3836054	0
Prevotella_copri	GCA_003467935	Scaffold	99.38	1.01	221	3986027	0
Prevotella_copri	GCA_015074785	Chromosome	99.22	0.45	2	3864035	1
Prevotella_copri	GCA_016803185	Scaffold	99.05	1.51	162	4127533	0
Prevotella_copri	GCA_016803255	Scaffold	98.71	0.17	185	4122125	0
Prevotella_copri	GCA_016803295	Scaffold	99.22	0.45	116	3736055	0
Prevotella_copri	GCA_019249655	Complete Genome	99.05	None	2	4353831	1
Prevotella_copri	GCA_019249755	Complete Genome	98.49	0.76	5	4083567	1
Prevotella_copri	GCA_019249765	Complete Genome	99.55	0.39	4	4004812	1
Prevotella_copri	GCA_019249795	Chromosome	99.55	1.34	3	3762510	1
Prevotella_copri	GCA_019249805	Complete Genome	98.38	1.01	2	4423464	1
Prevotella_copri	GCA_019249825	Chromosome	99.55	0.89	2	3723353	1
Prevotella_copri	GCA_019249855	Chromosome	99.55	0.5	2	3883526	1
Prevotella_copri	GCA_020735445	Complete Genome	98.88	0.67	3	3551614	1
Prevotella_copri	GCA_025151535	Complete Genome	98.88	None	1	3325514	1
Prevotella_copri	GCA_032450655	Chromosome	99.55	0.34	11	4438848	1
Prevotella_copri	GCA_032451715	Chromosome	99.55	0.34	13	4231262	1
Prevotella_copri	GCA_032452275	Chromosome	99.38	1.34	11	4250144	1
Prevotella_copri	GCA_032452555	Chromosome	99.22	1.34	49	4454319	1
Prevotella_copri	GCA_032452695	Chromosome	98.88	0.34	57	4679183	1
Prevotella_copri	GCA_032490455	Scaffold	99.44	None	37	4259909	0
Prevotella_copri	GCA_032490515	Scaffold	99.38	None	50	4297188	0
Prevotella_copri	GCA_032490555	Scaffold	99.05	0.67	50	4308217	0
Prevotella_copri	GCA_051861795	Complete Genome	99.22	1.17	3	4113920	1
Prevotella_copri	GCA_051861805	Complete Genome	99.05	0.34	3	3753255	1
Prevotella_copri	GCA_051861815	Complete Genome	99.22	0.67	4	4246773	1
Prevotella_copri	GCA_054890165	Complete Genome	98.38	1.51	1	3779749	1
Prevotella_copri	GCA_902399905	Scaffold	98.38	0.34	192	3900702	0
Salmonella_enterica	GCA_000006945	Complete Genome	99.71	0.44	2	4951383	1
Salmonella_enterica	GCA_000007545	Complete Genome	98.63	0.45	1	4791961	1
Salmonella_enterica	GCA_000743055	Complete Genome	99.53	0.44	2	4831756	1
Salmonella_enterica	GCA_001558355	Complete Genome	99.71	0.44	2	4951423	1
Salmonella_enterica	GCA_001831555	Complete Genome	97.23	5.48	1	5084052	0
Salmonella_enterica	GCA_003325035	Complete Genome	97.37	5.65	1	5195044	0
Salmonella_enterica	GCA_003325135	Complete Genome	99.49	0.74	4	5262637	1
Salmonella_enterica	GCA_003325215	Complete Genome	97.04	7.42	4	5700547	0
Salmonella_enterica	GCA_006365335	Complete Genome	99.71	0.44	3	4954783	1
Salmonella_enterica	GCA_006969245	Complete Genome	99.6	0.87	1	5052222	1
Salmonella_enterica	GCA_009729915	Complete Genome	99.71	1.52	1	5136727	1
Salmonella_enterica	GCA_009930675	Complete Genome	99.71	0.59	2	5145105	1
Salmonella_enterica	GCA_014334155	Complete Genome	99.65	0.38	1	4857466	1
Salmonella_enterica	GCA_014334215	Complete Genome	99.71	1.03	2	5295190	1
Salmonella_enterica	GCA_015565735	Complete Genome	99.33	0.47	1	4638880	1
Salmonella_enterica	GCA_016028495	Complete Genome	99.71	0.49	2	4968720	1
Salmonella_enterica	GCA_018460045	Complete Genome	99.68	0.71	2	5282580	1
Salmonella_enterica	GCA_019339425	Complete Genome	96.92	3.05	1	5081513	0
Salmonella_enterica	GCA_020736345	Complete Genome	99.67	0.56	2	5131948	1
Salmonella_enterica	GCA_021474245	Complete Genome	99.71	0.68	2	5270631	1
Salmonella_enterica	GCA_021474285	Complete Genome	99.71	0.76	2	5311968	1
Salmonella_enterica	GCA_022533545	Complete Genome	99.26	0.93	2	5313749	1
Salmonella_enterica	GCA_022869965	Complete Genome	99.71	0.44	2	4951425	1
Salmonella_enterica	GCA_022870685	Complete Genome	99.71	0.94	4	5238739	1
Salmonella_enterica	GCA_023330725	Complete Genome	99.71	0.69	3	5297217	1
Salmonella_enterica	GCA_023330805	Complete Genome	99.36	0.76	2	5296145	1
Salmonella_enterica	GCA_023330845	Complete Genome	99.71	0.79	3	5389798	1
Salmonella_enterica	GCA_024364865	Complete Genome	99.61	0.68	1	5245093	1
Salmonella_enterica	GCA_024364905	Complete Genome	99.71	0.68	1	5247576	1
Salmonella_enterica	GCA_024364925	Complete Genome	99.71	0.59	3	5121969	1
Salmonella_enterica	GCA_024364945	Complete Genome	99.71	0.59	3	5150418	1
Salmonella_enterica	GCA_024365005	Complete Genome	99.66	0.68	2	5258906	1
Salmonella_enterica	GCA_028551175	Complete Genome	99.71	0.8	5	5375002	1
Salmonella_enterica	GCA_029537315	Complete Genome	99.61	0.88	3	5089659	1
Salmonella_enterica	GCA_041080895	Complete Genome	99.67	0.44	2	4952765	1
Salmonella_enterica	GCA_041866875	Complete Genome	99.71	1.47	1	5006913	1
Salmonella_enterica	GCA_041927295	Complete Genome	99.71	0.6	3	5042332	1
Salmonella_enterica	GCA_041930315	Complete Genome	99.75	1.36	2	5004104	1
Salmonella_enterica	GCA_041930345	Complete Genome	99.39	1.38	2	5031086	1
Salmonella_enterica	GCA_045278205	Complete Genome	99.59	0.62	2	5187390	1
Salmonella_enterica	GCA_049544835	Complete Genome	99.7	0.76	4	5308703	1
Salmonella_enterica	GCA_050516495	Complete Genome	99.17	2.77	2	5527159	1
Salmonella_enterica	GCA_055901005	Complete Genome	99.57	1.14	2	5158118	1
Salmonella_enterica	GCA_056110405	Complete Genome	96.86	5.34	2	5114300	0
Salmonella_enterica	GCA_056590175	Complete Genome	99.36	0.56	7	5154505	1
Salmonella_enterica	GCA_057836765	Complete Genome	99.5	0.68	2	5265494	1
Salmonella_enterica	GCA_058222315	Complete Genome	99.39	1.37	2	5040867	1
Salmonella_enterica	GCA_058222435	Complete Genome	99.7	1.36	2	5005663	1
Salmonella_enterica	GCA_058447365	Complete Genome	99.57	1.02	2	5094937	1
Salmonella_enterica	GCA_058447825	Complete Genome	99.71	0.54	3	5083434	1
Staphylococcus_aureus	GCA_000013425	Complete Genome	97.59	0.39	1	2821361	1
Staphylococcus_aureus	GCA_000769575	Complete Genome	96.8	0.51	1	3046210	0
Staphylococcus_aureus	GCA_001027105	Complete Genome	98.61	0.54	2	2782562	1
Staphylococcus_aureus	GCA_001515685	Complete Genome	97.79	0.47	2	3001237	1
Staphylococcus_aureus	GCA_001515745	Complete Genome	98.15	0.51	1	3046545	1
Staphylococcus_aureus	GCA_001641025	Complete Genome	98.07	0.39	2	3114278	1
Staphylococcus_aureus	GCA_001641045	Complete Genome	98.66	0.47	2	3132482	1
Staphylococcus_aureus	GCA_002097595	Complete Genome	98.71	0.47	1	3038845	1
Staphylococcus_aureus	GCA_002895385	Complete Genome	98.53	0.33	1	3095697	1
Staphylococcus_aureus	GCA_003264815	Complete Genome	98.77	0.47	1	3044721	1
Staphylococcus_aureus	GCA_003945425	Complete Genome	98.02	0.58	1	3066291	1
Staphylococcus_aureus	GCA_004136255	Complete Genome	98.53	0.47	1	3050015	1
Staphylococcus_aureus	GCA_006094915	Complete Genome	98.61	0.54	2	2782561	1
Staphylococcus_aureus	GCA_006364675	Complete Genome	98.61	0.54	3	2787057	1
Staphylococcus_aureus	GCA_022832755	Complete Genome	98.73	0.39	2	3013747	1
Staphylococcus_aureus	GCA_022869625	Complete Genome	98.61	0.54	2	2782561	1
Staphylococcus_aureus	GCA_026167765	Complete Genome	98.61	0.39	1	2755077	1
Staphylococcus_aureus	GCA_026625205	Complete Genome	98.81	0.39	3	3057176	1
Staphylococcus_aureus	GCA_026625225	Complete Genome	98.72	0.39	2	3061347	1
Staphylococcus_aureus	GCA_026625265	Complete Genome	98.81	0.39	5	3078967	1
Staphylococcus_aureus	GCA_026625305	Complete Genome	98.51	0.41	7	3218685	1
Staphylococcus_aureus	GCA_026625365	Complete Genome	98.58	0.39	5	3083496	1
Staphylococcus_aureus	GCA_030252695	Complete Genome	98.23	0.67	1	3048293	1
Staphylococcus_aureus	GCA_030252735	Complete Genome	97.15	0.58	2	3121265	1
Staphylococcus_aureus	GCA_030252755	Complete Genome	97.96	0.58	3	3109281	1
Staphylococcus_aureus	GCA_037039295	Complete Genome	97.46	0.67	3	3159439	1
Staphylococcus_aureus	GCA_037039325	Complete Genome	97.08	0.47	2	3091435	1
Staphylococcus_aureus	GCA_037039335	Complete Genome	96.54	0.67	2	3137502	0
Staphylococcus_aureus	GCA_041531615	Complete Genome	98.68	0.47	2	3080132	1
Staphylococcus_aureus	GCA_044789125	Complete Genome	97.99	0.42	4	3003179	1
Staphylococcus_aureus	GCA_045345275	Complete Genome	98.65	0.47	3	3079933	1
Staphylococcus_aureus	GCA_045679535	Complete Genome	98.77	0.47	2	3097524	1
Staphylococcus_aureus	GCA_045790345	Complete Genome	98.49	0.56	2	3034723	1
Staphylococcus_aureus	GCA_045791695	Complete Genome	97.42	0.68	1	3010529	1
Staphylococcus_aureus	GCA_045862735	Complete Genome	98.77	0.47	1	3096213	1
Staphylococcus_aureus	GCA_049314975	Complete Genome	98.8	0.66	3	3059447	1
Staphylococcus_aureus	GCA_050881725	Complete Genome	98.48	0.39	4	3025699	1
Staphylococcus_aureus	GCA_054906605	Complete Genome	98.01	0.47	2	2996077	1
Staphylococcus_aureus	GCA_054906615	Complete Genome	98.01	0.47	2	2996077	1
Staphylococcus_aureus	GCA_054906625	Complete Genome	97.5	0.47	1	3006285	1
Staphylococcus_aureus	GCA_056820065	Complete Genome	98.01	0.39	2	3036890	1
Staphylococcus_aureus	GCA_056820105	Complete Genome	97.8	0.39	4	3069503	1
Staphylococcus_aureus	GCA_057074175	Complete Genome	98.36	0.47	1	2989903	1
Staphylococcus_aureus	GCA_057074205	Complete Genome	98.36	0.47	1	2988642	1
Staphylococcus_aureus	GCA_057074225	Complete Genome	98.36	0.47	1	2989887	1
Staphylococcus_aureus	GCA_057077345	Complete Genome	97.98	0.42	2	3032747	1
Staphylococcus_aureus	GCA_057077355	Complete Genome	97.91	1.01	2	3030216	1
Staphylococcus_aureus	GCA_900607265	Complete Genome	98.77	0.39	2	3079710	1
Staphylococcus_aureus	GCA_900607305	Complete Genome	98.66	0.54	2	3023304	1
Staphylococcus_aureus	GCA_900620245	Complete Genome	98.65	0.39	3	3079932	1
Staphylococcus_epidermidis	GCA_002850315	Complete Genome	99.69	None	1	2727549	1
Staphylococcus_epidermidis	GCA_006094375	Complete Genome	99.68	None	3	2491058	1
Staphylococcus_epidermidis	GCA_006742205	Complete Genome	99.68	None	2	2427041	1
Staphylococcus_epidermidis	GCA_009685135	Complete Genome	99.02	0.24	2	2751032	1
Staphylococcus_epidermidis	GCA_019329245	Complete Genome	99.38	None	3	2732705	1
Staphylococcus_epidermidis	GCA_019329365	Complete Genome	99.35	None	3	2733536	1
Staphylococcus_epidermidis	GCA_019329405	Complete Genome	98.82	None	3	2733982	1
Staphylococcus_epidermidis	GCA_019329425	Complete Genome	99.47	None	3	2781629	1
Staphylococcus_epidermidis	GCA_019329505	Complete Genome	98.9	None	3	2735368	1
Staphylococcus_epidermidis	GCA_019329525	Complete Genome	99.36	None	2	2726253	1
Staphylococcus_epidermidis	GCA_019329545	Complete Genome	99.38	None	3	2745603	1
Staphylococcus_epidermidis	GCA_019329565	Complete Genome	99.38	None	3	2732707	1
Staphylococcus_epidermidis	GCA_019329585	Complete Genome	99.33	None	2	2733502	1
Staphylococcus_epidermidis	GCA_019329605	Complete Genome	99.38	None	3	2732704	1
Staphylococcus_epidermidis	GCA_019329645	Complete Genome	99.02	None	3	2754877	1
Staphylococcus_epidermidis	GCA_019329665	Complete Genome	99.38	0.23	2	2815778	1
Staphylococcus_epidermidis	GCA_019329685	Complete Genome	99.38	None	2	2726248	1
Staphylococcus_epidermidis	GCA_019329705	Complete Genome	99.38	None	2	2726249	1
Staphylococcus_epidermidis	GCA_019329745	Complete Genome	99.38	0.96	3	2832623	1
Staphylococcus_epidermidis	GCA_019329785	Complete Genome	99.38	None	4	2739303	1
Staphylococcus_epidermidis	GCA_019330105	Complete Genome	99.38	None	3	2744231	1
Staphylococcus_epidermidis	GCA_019330145	Complete Genome	99.33	None	3	2754745	1
Staphylococcus_epidermidis	GCA_019330165	Complete Genome	99.14	None	3	2732703	1
Staphylococcus_epidermidis	GCA_019330185	Complete Genome	99.32	None	3	2751270	1
Staphylococcus_epidermidis	GCA_019330225	Complete Genome	99.38	None	3	2732705	1
Staphylococcus_epidermidis	GCA_019330245	Complete Genome	99.38	None	3	2754755	1
Staphylococcus_epidermidis	GCA_019787665	Complete Genome	99.38	None	3	2752397	1
Staphylococcus_epidermidis	GCA_024204785	Complete Genome	99.12	0.02	4	2761052	1
Staphylococcus_epidermidis	GCA_031326165	Complete Genome	98.48	None	3	2778534	1
Staphylococcus_epidermidis	GCA_045786335	Complete Genome	99.21	None	4	2755157	1
Staphylococcus_epidermidis	GCA_045928505	Complete Genome	98.86	None	3	2748506	1
Staphylococcus_epidermidis	GCA_045933105	Complete Genome	99.21	None	3	2797262	1
Staphylococcus_epidermidis	GCA_045934295	Complete Genome	99.06	0.74	2	2735174	1
Staphylococcus_epidermidis	GCA_045935645	Complete Genome	99.21	None	4	2758222	1
Staphylococcus_epidermidis	GCA_045936855	Complete Genome	99.19	None	3	2798574	1
Staphylococcus_epidermidis	GCA_045937745	Complete Genome	99.21	None	2	2794975	1
Staphylococcus_epidermidis	GCA_045937765	Complete Genome	99.26	None	6	2764067	1
Staphylococcus_epidermidis	GCA_045938865	Complete Genome	99.21	None	3	2800003	1
Staphylococcus_epidermidis	GCA_045939555	Complete Genome	98.97	None	4	2800491	1
Staphylococcus_epidermidis	GCA_045939605	Complete Genome	99.21	None	3	2802491	1
Staphylococcus_epidermidis	GCA_045939955	Complete Genome	99.21	None	3	2796956	1
Staphylococcus_epidermidis	GCA_045940065	Complete Genome	99.21	None	3	2798229	1
Staphylococcus_epidermidis	GCA_045940075	Complete Genome	98.97	None	4	2800492	1
Staphylococcus_epidermidis	GCA_045940705	Complete Genome	99.21	None	3	2798899	1
Staphylococcus_epidermidis	GCA_045940975	Complete Genome	99.21	None	3	2802895	1
Staphylococcus_epidermidis	GCA_045942175	Complete Genome	99.21	None	2	2796228	1
Staphylococcus_epidermidis	GCA_045942415	Complete Genome	99.21	None	2	2796786	1
Staphylococcus_epidermidis	GCA_045944115	Complete Genome	99.21	None	3	2799834	1
Staphylococcus_epidermidis	GCA_900086615	Complete Genome	99.02	0.48	4	2854742	1
Staphylococcus_epidermidis	GCA_900638695	Complete Genome	99.26	None	1	2750807	1
Streptococcus_pneumoniae	GCA_001457635	Complete Genome	98.4	0.94	1	2110968	1
Streptococcus_pneumoniae	GCA_001896045	Complete Genome	99.53	0.31	1	2206644	1
Streptococcus_pneumoniae	GCA_002843545	Complete Genome	98.72	0.75	1	2168552	1
Streptococcus_pneumoniae	GCA_002947575	Complete Genome	99.25	0.31	1	2221315	1
Streptococcus_pneumoniae	GCA_003351705	Complete Genome	99.26	0.36	1	2169584	1
Streptococcus_pneumoniae	GCA_003966525	Complete Genome	99.37	0.62	1	2180605	1
Streptococcus_pneumoniae	GCA_013047165	Complete Genome	98.9	1.33	1	2219840	1
Streptococcus_pneumoniae	GCA_015839035	Complete Genome	99.34	0.57	1	2180123	1
Streptococcus_pneumoniae	GCA_021398235	Complete Genome	99	0.31	1	2159119	1
Streptococcus_pneumoniae	GCA_021398265	Complete Genome	99	0.31	1	2195807	1
Streptococcus_pneumoniae	GCA_021398285	Complete Genome	99	0.31	1	2196665	1
Streptococcus_pneumoniae	GCA_022068265	Complete Genome	99.15	0.62	1	2159294	1
Streptococcus_pneumoniae	GCA_022070005	Complete Genome	99.78	0.47	1	2165373	1
Streptococcus_pneumoniae	GCA_022070425	Complete Genome	98.33	0.31	1	2223053	1
Streptococcus_pneumoniae	GCA_022558605	Complete Genome	99.76	0.47	1	2210224	1
Streptococcus_pneumoniae	GCA_026625945	Complete Genome	99.42	0.89	1	2310574	1
Streptococcus_pneumoniae	GCA_026625965	Complete Genome	99.11	0.8	1	2292804	1
Streptococcus_pneumoniae	GCA_030127445	Complete Genome	98.38	0.31	1	2293748	1
Streptococcus_pneumoniae	GCA_033096065	Complete Genome	99.37	0.62	1	2227883	1
Streptococcus_pneumoniae	GCA_033096145	Complete Genome	99.47	0.33	1	2210263	1
Streptococcus_pneumoniae	GCA_033096165	Complete Genome	99.58	0.62	1	2156586	1
Streptococcus_pneumoniae	GCA_033096185	Complete Genome	99.39	0.31	1	2170541	1
Streptococcus_pneumoniae	GCA_033096225	Complete Genome	99.03	0.31	1	2218836	1
Streptococcus_pneumoniae	GCA_033096265	Complete Genome	98.28	0.52	1	2190915	1
Streptococcus_pneumoniae	GCA_033145555	Complete Genome	99.24	0.31	1	2200466	1
Streptococcus_pneumoniae	GCA_033146375	Complete Genome	99.31	0.31	1	2187550	1
Streptococcus_pneumoniae	GCA_033149375	Complete Genome	99.62	0.31	1	2163419	1
Streptococcus_pneumoniae	GCA_033165855	Complete Genome	99.1	0.69	1	2179100	1
Streptococcus_pneumoniae	GCA_036322955	Complete Genome	98.91	0.38	1	2194831	1
Streptococcus_pneumoniae	GCA_036322975	Complete Genome	98.91	0.38	1	2194794	1
Streptococcus_pneumoniae	GCA_036509575	Complete Genome	99.35	0.62	2	2246827	1
Streptococcus_pneumoniae	GCA_038431575	Complete Genome	98.64	0.31	1	2175793	1
Streptococcus_pneumoniae	GCA_038431755	Complete Genome	99	0.31	1	2207415	1
Streptococcus_pneumoniae	GCA_040687865	Complete Genome	99.56	0.31	1	2185927	1
Streptococcus_pneumoniae	GCA_040687875	Complete Genome	99.15	0.62	1	2156500	1
Streptococcus_pneumoniae	GCA_040687885	Complete Genome	99.54	0.31	1	2206681	1
Streptococcus_pneumoniae	GCA_040687895	Complete Genome	98.89	0.62	1	2157375	1
Streptococcus_pneumoniae	GCA_041729265	Complete Genome	98.48	0.31	1	2220570	1
Streptococcus_pneumoniae	GCA_052566715	Complete Genome	99.16	0.62	1	2161092	1
Streptococcus_pneumoniae	GCA_052566725	Complete Genome	99.16	0.62	2	2174209	1
Streptococcus_pneumoniae	GCA_055381415	Complete Genome	98.22	0.83	1	2164261	1
Streptococcus_pneumoniae	GCA_055381835	Complete Genome	98.22	0.83	1	2157651	1
Streptococcus_pneumoniae	GCA_055382695	Complete Genome	97.97	0.52	1	2190227	1
Streptococcus_pneumoniae	GCA_057914855	Complete Genome	99.09	0.62	1	2158365	1
Streptococcus_pneumoniae	GCA_058308675	Complete Genome	98.54	0.62	1	2161049	1
Streptococcus_pneumoniae	GCA_900476475	Complete Genome	98.84	0.62	1	2157682	1
Streptococcus_pneumoniae	GCA_900476505	Complete Genome	99	0.52	1	2200529	1
Streptococcus_pneumoniae	GCA_900618545	Complete Genome	98.91	0.38	1	2169270	1
Streptococcus_pneumoniae	GCA_900693025	Complete Genome	98.54	0.88	1	2202359	1
Streptococcus_pneumoniae	GCA_963281185	Complete Genome	99.18	0.36	1	2189021	1
